member_id,member_name,gender,age,membership_type,preferred_facility,join_date,expiry_date,status
M00001,Member 001,Male,39,Annual,Swimming Pool,2025-04-13,2026-04-13,Expired
M00002,Member 002,Male,30,Annual,Swimming Pool,2026-03-12,2027-03-12,Active
M00003,Member 003,Female,53,Monthly,Basketball,2025-09-28,2025-10-28,Expired
M00004,Member 004,Female,23,Monthly,Basketball,2025-04-17,2025-05-17,Expired
M00005,Member 005,Female,20,Monthly,Basketball,2025-03-13,2025-04-12,Expired
M00006,Member 006, female ,63,Monthly,Swimming Pool,2025-01-21,2025-02-20,Expired
M00007,Member 007,Female,41,Monthly,Badminton,2025-05-02,2025-06-01,Expired
M00008,Member 008,Female,33,Monthly,Football,2026-04-12,2026-05-12,Expired
M00009,Member 009,Female,21,Monthly,Badminton,2025-08-03,2025-09-02,Expired
M00010,Member 010,Female,52,Quarterly,Badminton,2025-11-27,2026-02-25,Expired
M00011,Member 011,Male,63,Quarterly,Swimming Pool,2026-04-04,2026-07-03,Expired
M00012,Member 012,Male,28,Monthly,Badminton,2025-03-29,2025-04-28,Expired
M00013,Member 013,Male,43,Annual,Gym,2026-01-08,2027-01-08,Active
M00014,Member 014,Female,20,Monthly,Basketball,2025-04-10,2025-05-10,Expired
M00015,Member 015,Female,28,Annual,Gym,2025-05-11,2026-05-11,Expired
M00016,Member 016,Male,32,Monthly,Football,2025-11-05,2025-12-05,Expired
M00017,Member 017,Female,65,Annual,Basketball,2025-12-10,2026-12-10,Active
M00018,Member 018,Female,55,Quarterly,Badminton,2026-05-07,2026-08-05,Expired
M00019,Member 019,Male,60,Monthly,Football,2026-02-18,2026-03-20,Expired
M00020,Member 020,Male,47,Monthly,Basketball,2026-01-21,2026-02-20,Expired
M00021,Member 021,Female,44,Monthly,Badminton,2025-07-11,2025-08-10,Expired
M00022,Member 022,Male,18,Monthly,Gym,2025-10-04,2025-11-03,Expired
M00023,Member 023,Female,55,Monthly, swimming pool ,2025-06-10,2025-07-10,Expired
M00024,Member 024,Male,49,Quarterly,Badminton,2026-04-05,2026-07-04,Expired
M00025,Member 025,Female,55,Monthly,Gym,2025-11-10,2025-12-10,Expired
M00026,Member 026,Female,42,Quarterly,Football,2025-01-22,2025-04-22,Expired
M00027,Member 027,Female,28,Annual,Football,2025-09-10,2026-09-10,Active
M00028,Member 028,Female,60,Monthly,Football,2026-07-15,2026-08-14,Expired
M00029,Member 029,Male,48,Quarterly,Football,2026-04-20,2026-07-19,Expired
M00030,Member 030,Male,21,Monthly,Swimming Pool,2025-02-28,2025-03-30,Expired
M00031,Member 031,Male,39,Quarterly,Basketball,2026-05-26,2026-08-24,Expired
M00032,Member 032,Female,34,Monthly,Basketball,2026-04-21,2026-05-21,Expired
M00033,Member 033,Female,31,Annual,Swimming Pool,2025-07-09,2026-07-09,Expired
M00034,Member 034,Female,55,Annual,Badminton,2026-07-17,2027-07-17,Active
M00035,Member 035,Male,43,Monthly,Badminton,2026-07-21,2026-08-20,Expired
M00036,Member 036,Male,48,Monthly,Football,2025-09-01,2025-10-01,Expired
M00037,Member 037,Male,63,Annual,Gym,2026-05-20,2027-05-20,Active
M00038,Member 038,Male,56,Quarterly,Badminton,2025-05-11,2025-08-09,Expired
M00039,Member 039,Female,28,Monthly,Gym,2026-04-30,2026-05-30,Expired
M00040,Member 040,Male,58,Monthly,Basketball,2025-01-21,2025-02-20,Expired
M00041,  Member 041  ,Male,60,Quarterly,Gym,2025-06-16,2025-09-14,Expired
M00042,Member 042,Female,40,Monthly,Basketball,2025-10-01,2025-10-31,Expired
M00043,Member 043,Male,57,Annual,Swimming Pool,2026-01-23,2027-01-23,Active
M00044,Member 044,Male,51,Monthly,Swimming Pool,2026-08-24,2026-09-23,Active
M00045,Member 045,Female,42,Monthly,Football,2025-11-12,2025-12-12,Expired
M00046,Member 046,Male,53,Annual,Badminton,2025-01-14,2026-01-14,Expired
M00047,Member 047,Female,22,Monthly,Football,2025-08-30,2025-09-29,Expired
M00048,Member 048,Female,20,Monthly,Basketball,2025-12-12,2026-01-11,Expired
M00049,Member 049,Female,58,Monthly,Football,2026-07-19,2026-08-18,Expired
M00050,Member 050,Male,60,Monthly,Gym,2025-12-06,2026-01-05,Expired
M00051,Member 051,Female,46,Quarterly,Basketball,2025-04-02,2025-07-01,Expired
M00052,Member 052,Male,38,Monthly,Swimming Pool,2026-01-02,2026-02-01,Expired
M00053,Member 053,Male,57,Quarterly,Badminton,2026-03-31,2026-06-29,Expired
M00054,Member 054,Male,25,Quarterly,Basketball,2026-03-04,2026-06-02,Expired
M00055,Member 055,Female,47,Quarterly,Basketball,2026-05-24,2026-08-22,Expired
M00056,Member 056,Male,58,Monthly,Gym,2025-02-04,2025-03-06,Expired
M00057,Member 057,Male,45,Monthly,Badminton,2025-07-25,2025-08-24,Expired
M00058,Member 058,Female,54,Annual,Swimming Pool,2025-03-22,2026-03-22,Expired
M00059,Member 059,Male,46,Quarterly,Basketball,2026-07-16,2026-10-14,Active
M00060,Member 060,Male,33,Quarterly,Basketball,2026-01-23,2026-04-23,Expired
M00061,Member 061,Male,51,Monthly,Gym,2025-01-02,2025-02-01,Expired
M00062,Member 062,Male,17,Monthly,Football,2026-01-25,2026-02-24,Expired
M00063,Member 063,Male,29,Quarterly,Swimming Pool,2026-07-20,2026-10-18,Active
M00064,Member 064,Male,28,Annual,Badminton,2025-04-16,2026-04-16,Expired
M00065,Member 065,Female,44,Quarterly,Basketball,2026-04-22,2026-07-21,Expired
M00066,Member 066,Male,27,Annual,Basketball,2026-02-06,2027-02-06,Active
M00067,Member 067,Male,54,Quarterly,Swimming Pool,2026-07-10,2026-10-08,Active
M00068,Member 068,Female,17,Monthly,Football,2025-06-11,2025-07-11,Expired
M00069,Member 069,Male,47,Monthly,Basketball,2025-07-21,2025-08-20,Expired
M00070,Member 070,Female,28,Monthly,Swimming Pool,2025-09-27,2025-10-27,Expired
M00071,Member 071,Male,61,Monthly,Gym,2025-09-28,2025-10-28,Expired
M00072,Member 072,Male,42,Annual,Football,2026-04-01,2027-04-01,Active
M00073,Member 073,Male,64,Monthly,Badminton,2026-04-07,2026-05-07,Expired
M00074,Member 074,Male,56,Monthly,Basketball,2025-09-09,2025-10-09,Expired
M00075,Member 075,Male,32,Monthly,Swimming Pool,2025-10-23,2025-11-22,Expired
M00076,Member 076,Male,55,Monthly,Gym,2025-12-04,2026-01-03,Expired
M00077,Member 077,Male,46,Monthly,Badminton,2025-02-22,2025-03-24,Expired
M00078,Member 078,Male,49,Monthly,Swimming Pool,2025-08-05,2025-09-04,Expired
M00079,Member 079,Male,39,Quarterly,Swimming Pool,2025-07-07,2025-10-05,Expired
M00080,Member 080,Male,60,Monthly,Badminton,2026-01-15,2026-02-14,Expired
M00081,Member 081,Male,50,Quarterly,Gym,2026-05-08,2026-08-06,Expired
M00082,Member 082,Male,63,Monthly,Gym,2025-02-10,2025-03-12,Expired
M00083,Member 083,Female,21,Monthly,Football,2025-06-06,2025-07-06,Expired
M00084,Member 084,Male,34,Monthly,Basketball,2025-01-15,2025-02-14,Expired
M00085,Member 085,Female,45,Quarterly,Badminton,2025-03-06,2025-06-04,Expired
M00086,Member 086,Female,22,Quarterly,Badminton,2026-06-05,2026-09-03,Active
M00087,Member 087,Male,25,Monthly,Badminton,2025-12-10,2026-01-09,Expired
M00088,Member 088,Female,56,Monthly,Gym,2025-05-09,2025-06-08,Expired
M00089,Member 089,Female,47,Quarterly,Basketball,2026-04-17,2026-07-16,Expired
M00090,Member 090,Male,49,Monthly,Football,2025-03-04,2025-04-03,Expired
M00091,Member 091,Male,43,Monthly,Swimming Pool,2025-05-19,2025-06-18,Expired
M00092,Member 092,Female,30,Annual,Swimming Pool,2026-05-14,2027-05-14,Active
M00093,Member 093,Female,45,Quarterly,Badminton,2026-08-16,2026-11-14,Active
M00094,Member 094,Male,52,Monthly,Basketball,2026-01-27,2026-02-26,Expired
M00095,Member 095,Male,44,Annual,Gym,2026-02-23,2027-02-23,Active
M00096,Member 096,Male,37,Quarterly,Basketball,2025-10-16,2026-01-14,Expired
M00097,Member 097,Male,19,Monthly,Basketball,2026-01-14,2026-02-13,Expired
M00098,Member 098,Female,35,Quarterly,Gym,2026-05-05,2026-08-03,Expired
M00099,Member 099,Male,47,Quarterly,Badminton,2025-08-19,2025-11-17,Expired
M00100,Member 100,Male,51,Monthly,Basketball,2025-02-10,2025-03-12,Expired
M00101,Member 101,Female,65,Monthly,Swimming Pool,2025-01-28,2025-02-27,Expired
M00102,Member 102,Male,19,Monthly,Gym,2025-05-15,2025-06-14,Expired
M00103,Member 103,Male,42,Quarterly,Football,2025-07-20,2025-10-18,Expired
M00104,Member 104,Female,32,Monthly,Badminton,2025-02-02,2025-03-04,Expired
M00105,Member 105,Female,27,Annual,Gym,2025-02-17,2026-02-17,Expired
M00106,Member 106,Male,37,Quarterly,Football,2026-05-18,2026-08-16,Expired
M00107,Member 107,Male,32,Monthly,Football,2026-02-11,2026-03-13,Expired
M00108,Member 108,Male,25,Quarterly,Basketball,2026-07-28,2026-10-26,Active
M00109,Member 109,Male,16,Monthly,Basketball,2025-04-09,2025-05-09,Expired
M00110,Member 110,Male,37,Quarterly,Basketball,2026-07-01,2026-09-29,Active
M00111,Member 111,Male,41,Quarterly,Gym,2026-04-07,2026-07-06,Expired
M00112,Member 112,Male,33,Monthly,Gym,2025-01-05,2025-02-04,Expired
M00113,Member 113,Male,65,Monthly,Badminton,2025-08-06,2025-09-05,Expired
M00114,Member 114,Male,29,Monthly,Basketball,2026-05-18,2026-06-17,Expired
M00115,Member 115,Male,62,Monthly,Football,2026-02-02,2026-03-04,Expired
M00116,Member 116,Male,44,Monthly,Swimming Pool,2026-01-28,2026-02-27,Expired
M00117,Member 117,Male,27,Monthly,Badminton,2025-07-26,2025-08-25,Expired
M00118,Member 118,Male,51,Annual,Gym,2025-01-15,2026-01-15,Expired
M00119,Member 119,Female,50,Monthly,Badminton,2026-07-08,2026-08-07,Expired
M00120,Member 120,Female,27,Monthly,Badminton,2026-04-06,2026-05-06,Expired
M00121,Member 121,Female,22,Quarterly,Badminton,2026-07-29,2026-10-27,Active
M00122,Member 122,Female,44,Monthly,Badminton,2025-08-29,2025-09-28,Expired
M00123,Member 123,Male,26,Annual,Swimming Pool,2026-07-18,2027-07-18,Active
M00124,Member 124,Male,48,Quarterly,Basketball,2025-04-06,2025-07-05,Expired
M00125,Member 125,Male,21,Quarterly,Football,2026-04-30,2026-07-29,Expired
M00126,Member 126,Female,62,Monthly,Badminton,2026-02-11,2026-03-13,Expired
M00127,Member 127,Female,30,Monthly,Badminton,2025-08-19,2025-09-18,Expired
M00128,Member 128,Male,47,Monthly,Badminton,2025-06-20,2025-07-20,Expired
M00129,Member 129,Male,26,Annual,Basketball,2026-06-25,2027-06-25,Active
M00130,Member 130,Male,38,Monthly,Gym,2025-02-05,2025-03-07,Expired
M00131,Member 131,Male,41,Monthly,Gym,2026-06-09,2026-07-09,Expired
M00132,Member 132,Female,49,Annual,Swimming Pool,2025-06-09,2026-06-09,Expired
M00133,Member 133,Female,61,Monthly,Gym,2025-08-31,2025-09-30,Expired
M00134,Member 134,Male,49,Monthly,Badminton,2025-03-27,2025-04-26,Expired
M00135,Member 135,Female,44,Monthly,Badminton,2026-08-01,2026-08-31,Expired
M00136,Member 136,Female,19,Annual,Badminton,2026-07-11,2027-07-11,Active
M00137,Member 137,Male,32,Monthly,Swimming Pool,2026-07-28,2026-08-27,Expired
M00138,Member 138,Male,50,Quarterly,Badminton,2025-01-28,2025-04-28,Expired
M00139,Member 139,Male,28,Quarterly,Gym,2026-07-10,2026-10-08,Active
M00140,Member 140,Male,56,Monthly,Basketball,2025-12-06,2026-01-05,Expired
M00141,Member 141,Male,54,Quarterly,Basketball,2025-11-27,2026-02-25,Expired
M00142,Member 142,Male,30,Monthly,Football,2026-05-21,2026-06-20,Expired
M00143,Member 143,Male,44,Monthly,Gym,2025-12-14,2026-01-13,Expired
M00144,Member 144,Male,44,Quarterly,Badminton,2026-04-18,2026-07-17,Expired
M00145,Member 145,Female,26,Annual,Basketball,2025-08-19,2026-08-19,Expired
M00146,Member 146,Male,47,Quarterly,Gym,2025-07-09,2025-10-07,Expired
M00147,Member 147,Male,17,Monthly,Basketball,2025-08-13,2025-09-12,Expired
M00148,Member 148,Male,62,Monthly,Badminton,2026-01-20,2026-02-19,Expired
M00149,Member 149,Female,29,Monthly,Basketball,2026-01-12,2026-02-11,Expired
M00150,Member 150,Male,35,Monthly,Football,2025-10-10,2025-11-09,Expired
M00151,Member 151,Male,37,Monthly,Football,2025-09-16,2025-10-16,Expired
M00152,Member 152,Female,26,Monthly,Basketball,2025-12-25,2026-01-24,Expired
M00153,Member 153,Female,42,Monthly,Gym,2026-04-01,2026-05-01,Expired
M00154,Member 154,Female,18,Monthly,Gym,2026-02-15,2026-03-17,Expired
M00155,Member 155,Male,32,Monthly,Gym,2025-11-14,2025-12-14,Expired
M00156,Member 156,Male,59,Monthly,Basketball,2025-08-13,2025-09-12,Expired
M00157,Member 157,Female,43,Annual,Gym,2025-08-22,2026-08-22,Expired
M00158,Member 158,Female,44,Monthly,Badminton,2026-01-09,2026-02-08,Expired
M00159,Member 159,Female,36,Annual,Football,2026-08-31,2027-08-31,Active
M00160,Member 160,Female,62,Annual,Badminton,2026-04-17,2027-04-17,Active
M00161,Member 161,Male,31,Monthly,Gym,2025-08-21,2025-09-20,Expired
M00162,Member 162,Female,52,Quarterly,Badminton,2025-04-23,2025-07-22,Expired
M00163,Member 163,Male,35,Quarterly,Gym,2026-05-12,2026-08-10,Expired
M00164,Member 164,Male,21,Quarterly,Basketball,2026-03-18,2026-06-16,Expired
M00165,Member 165,Male,34,Monthly,Badminton,2026-07-18,2026-08-17,Expired
M00166,Member 166,Male,20,Monthly,Basketball,2025-09-25,2025-10-25,Expired
M00167,Member 167,Male,18,Monthly,Basketball,2026-05-25,2026-06-24,Expired
M00168,Member 168,Male,16,Monthly,Swimming Pool,2026-01-21,2026-02-20,Expired
M00169,Member 169,Female,53,Quarterly,Gym,2026-01-22,2026-04-22,Expired
M00170,Member 170,Male,30,Quarterly,Football,2025-04-23,2025-07-22,Expired
M00171,Member 171,Female,49,Monthly,Gym,2025-03-22,2025-04-21,Expired
M00172,Member 172,Male,50,Quarterly,Football,2025-04-23,2025-07-22,Expired
M00173,Member 173,Male,64,Monthly,Gym,2025-01-02,2025-02-01,Expired
M00174,Member 174,Male,40,Monthly,Basketball,2025-08-08,2025-09-07,Expired
M00175,Member 175,Male,39,Annual,Badminton,2026-07-20,2027-07-20,Active
M00176,Member 176,Male,27,Monthly,Badminton,2025-08-13,2025-09-12,Expired
M00177,Member 177,Male,33,Monthly,Swimming Pool,2026-01-20,2026-02-19,Expired
M00178,Member 178,Male,30,Monthly,Football,2026-02-07,2026-03-09,Expired
M00179,Member 179,Female,59,Monthly,Football,2025-05-10,2025-06-09,Expired
M00180,Member 180,Male,31,Annual,Football,2025-02-22,2026-02-22,Expired
M00181,Member 181,Female,42,Quarterly,Basketball,2026-02-20,2026-05-21,Expired
M00182,Member 182,Male,23,Annual,Football,2025-09-04,2026-09-04,Active
M00183,Member 183,Female,61,Quarterly,Badminton,2026-03-15,2026-06-13,Expired
M00184,Member 184,Female,40,Monthly,Basketball,2025-07-22,2025-08-21,Expired
M00185,Member 185,Female,32,Monthly,Gym,2025-07-03,2025-08-02,Expired
M00186,Member 186,Male,44,Quarterly,Football,2025-05-03,2025-08-01,Expired
M00187,Member 187,Male,23,Monthly,Football,2026-02-05,2026-03-07,Expired
M00188,Member 188,Male,30,Annual,Gym,2025-10-21,2026-10-21,Active
M00189,Member 189,Female,42,Annual,Football,2025-10-07,2026-10-07,Active
M00190,Member 190,Female,61,Monthly,Gym,2025-07-17,2025-08-16,Expired
M00191,Member 191,Female,65,Annual,Basketball,2026-05-26,2027-05-26,Active
M00192,Member 192,Male,22,Annual,Badminton,2025-05-24,2026-05-24,Expired
M00193,Member 193,Female,18,Quarterly,Gym,2025-07-20,2025-10-18,Expired
M00194,Member 194,Female,44,Monthly,Swimming Pool,2025-05-04,2025-06-03,Expired
M00195,Member 195,Male,59,Monthly,Gym,2025-07-06,2025-08-05,Expired
M00196,Member 196,Male,39,Monthly,Football,2025-11-22,2025-12-22,Expired
M00197,Member 197,Female,18,Monthly,Basketball,2026-04-09,2026-05-09,Expired
M00198,Member 198,Female,35,Monthly,Basketball,2025-12-15,2026-01-14,Expired
M00199,Member 199,Female,61,Quarterly,Gym,2026-02-07,2026-05-08,Expired
M00200,Member 200,Male,30,Monthly,Badminton,2025-12-12,2026-01-11,Expired
M00201,Member 201,Female,40,Quarterly,Swimming Pool,2026-05-26,2026-08-24,Expired
M00202,Member 202,Male,45,Annual,Basketball,2025-05-27,2026-05-27,Expired
M00203,Member 203,Male,29,Annual,Football,2025-05-28,2026-05-28,Expired
M00204,Member 204,Male,22,Monthly,Football,2026-05-04,2026-06-03,Expired
M00205,Member 205,Female,32,Annual,Badminton,2026-07-05,2027-07-05,Active
M00206,Member 206,Female,59,Monthly,Basketball,2025-12-04,2026-01-03,Expired
M00207,Member 207,Male,35,Monthly,Gym,2026-04-18,2026-05-18,Expired
M00208,Member 208,Male,51,Quarterly,Football,2025-05-31,2025-08-29,Expired
M00209,Member 209,Female,24,Monthly,Badminton,2026-02-19,2026-03-21,Expired
M00210,Member 210,Male,53,Monthly,Basketball,2025-10-25,2025-11-24,Expired
M00211,Member 211,Female,63,Quarterly,Basketball,2025-09-20,2025-12-19,Expired
M00212,Member 212,Male,37,Monthly,Basketball,2025-05-24,2025-06-23,Expired
M00213,Member 213,Male,17,Monthly,Basketball,2025-12-12,2026-01-11,Expired
M00214,Member 214,Male,39,Monthly,Basketball,2026-07-26,2026-08-25,Expired
M00215,Member 215,Male,23,Quarterly,Football,2025-01-02,2025-04-02,Expired
M00216,Member 216,Female,26,Quarterly,Badminton,2025-10-31,2026-01-29,Expired
M00217,Member 217,Male,28,Monthly,Basketball,2025-09-11,2025-10-11,Expired
M00218,Member 218,Male,32,Monthly,Swimming Pool,2026-03-29,2026-04-28,Expired
M00219,Member 219,Female,23,Monthly,Swimming Pool,2025-02-06,2025-03-08,Expired
M00220,Member 220,Male,36,Monthly,Badminton,2025-06-09,2025-07-09,Expired
M00221,Member 221,Male,33,Quarterly,Gym,2025-01-09,2025-04-09,Expired
M00222,Member 222,Female,45,Monthly,Gym,2025-08-21,2025-09-20,Expired
M00223,Member 223,Female,33,Monthly,Gym,2025-04-09,2025-05-09,Expired
M00224,Member 224,Male,61,Quarterly,Swimming Pool,2025-07-27,2025-10-25,Expired
M00225,Member 225,Female,62,Quarterly,Gym,2025-05-11,2025-08-09,Expired
M00226,Member 226,Female,46,Quarterly,Football,2026-02-08,2026-05-09,Expired
M00227,Member 227,Male,53,Monthly,Basketball,2025-06-01,2025-07-01,Expired
M00228,Member 228,Male,47,Monthly,Swimming Pool,2025-02-23,2025-03-25,Expired
M00229,Member 229,Female,26,Monthly,Badminton,2025-04-30,2025-05-30,Expired
M00230,Member 230,Female,60,Monthly,Badminton,2026-08-10,2026-09-09,Active
M00231,Member 231,Male,40,Quarterly,Basketball,2026-02-24,2026-05-25,Expired
M00232,Member 232,Female,48,Annual,Swimming Pool,2026-02-26,2027-02-26,Active
M00233,Member 233,Female,53,Quarterly,Gym,2025-04-14,2025-07-13,Expired
M00234,Member 234,Male,56,Quarterly,Gym,2025-09-11,2025-12-10,Expired
M00235,Member 235,Male,23,Monthly,Football,2025-08-15,2025-09-14,Expired
M00236,Member 236,Male,26,Quarterly,Football,2025-04-22,2025-07-21,Expired
M00237,Member 237,Female,37,Monthly,Gym,2026-05-25,2026-06-24,Expired
M00238,Member 238,Male,39,Monthly,Badminton,2026-04-18,2026-05-18,Expired
M00239,Member 239,Female,56,Monthly,Badminton,2025-04-09,2025-05-09,Expired
M00240,Member 240,Female,32,Monthly,Football,2025-06-02,2025-07-02,Expired
M00241,Member 241,Female,27,Monthly,Basketball,2025-12-04,2026-01-03,Expired
M00242,Member 242,Male,61,Annual,Gym,2025-06-12,2026-06-12,Expired
M00243,Member 243,Female,47,Monthly,Football,2025-06-10,2025-07-10,Expired
M00244,Member 244,Male,30,Monthly,Football,2026-08-03,2026-09-02,Active
M00245,Member 245,Female,31,Monthly,Gym,2026-02-02,2026-03-04,Expired
M00246,Member 246,Male,37,Quarterly,Gym,2025-10-04,2026-01-02,Expired
M00247,Member 247,Male,43,Quarterly,Badminton,2026-05-19,2026-08-17,Expired
M00248,Member 248,Female,35,Quarterly,Basketball,2026-01-27,2026-04-27,Expired
M00249,Member 249,Male,48,Monthly,Basketball,2025-05-15,2025-06-14,Expired
M00250,Member 250,Male,25,Quarterly,Gym,2025-07-14,2025-10-12,Expired
M00251,Member 251,Female,55,Monthly,Swimming Pool,2026-02-05,2026-03-07,Expired
M00252,Member 252,Female,47,Annual,Football,2025-02-02,2026-02-02,Expired
M00253,Member 253,Female,65,Quarterly,Football,2026-04-05,2026-07-04,Expired
M00254,Member 254,Female,48,Monthly,Gym,2026-04-15,2026-05-15,Expired
M00255,Member 255,Male,17,Monthly,Swimming Pool,2026-01-10,2026-02-09,Expired
M00256,Member 256,Male,48,Monthly,Badminton,2025-01-22,2025-02-21,Expired
M00257,Member 257,Male,48,Monthly,Gym,2025-02-07,2025-03-09,Expired
M00258,Member 258,Male,56,Monthly,Gym,2025-08-18,2025-09-17,Expired
M00259,Member 259,Female,28,Quarterly,Football,2025-12-31,2026-03-31,Expired
M00260,Member 260,Female,45,Monthly,Gym,2026-07-17,2026-08-16,Expired
M00261,Member 261,Male,48,Monthly,Gym,2026-03-14,2026-04-13,Expired
M00262,Member 262,Male,28,Monthly,Gym,2025-10-10,2025-11-09,Expired
M00263,Member 263,Female,41,Monthly,Football,2025-01-27,2025-02-26,Expired
M00264,Member 264,Male,37,Annual,Badminton,2025-08-14,2026-08-14,Expired
M00265,Member 265,Female,54,Monthly,Badminton,2025-10-04,2025-11-03,Expired
M00266,Member 266,Male,17,Quarterly,Gym,2025-10-11,2026-01-09,Expired
M00267,Member 267,Female,53,Annual,Football,2026-04-26,2027-04-26,Active
M00268,Member 268,Male,54,Quarterly,Badminton,2026-03-29,2026-06-27,Expired
M00269,Member 269,Female,41,Annual,Badminton,2026-05-31,2027-05-31,Active
M00270,Member 270,Female,61,Monthly,Badminton,2026-07-01,2026-07-31,Expired
M00271,Member 271,Female,65,Annual,Football,2025-07-11,2026-07-11,Expired
M00272,Member 272,Female,30,Monthly,Football,2025-02-18,2025-03-20,Expired
M00273,Member 273,Female,49,Monthly,Gym,2026-05-27,2026-06-26,Expired
M00274,Member 274,Female,57,Quarterly,Basketball,2025-01-17,2025-04-17,Expired
M00275,Member 275,Male,59,Annual,Badminton,2025-06-21,2026-06-21,Expired
M00276,Member 276,Female,64,Annual,Basketball,2025-08-08,2026-08-08,Expired
M00277,Member 277,Female,55,Monthly,Football,2025-06-07,2025-07-07,Expired
M00278,Member 278,Male,26,Monthly,Football,2026-04-22,2026-05-22,Expired
M00279,Member 279,Female,18,Annual,Football,2025-02-15,2026-02-15,Expired
M00280,Member 280,Female,21,Monthly,Basketball,2026-01-08,2026-02-07,Expired
M00281,Member 281,Female,24,Quarterly,Football,2026-06-02,2026-08-31,Expired
M00282,Member 282,Male,21,Annual,Gym,2025-04-09,2026-04-09,Expired
M00283,Member 283,Male,24,Monthly,Football,2025-02-06,2025-03-08,Expired
M00284,Member 284,Female,54,Monthly,Swimming Pool,2025-10-07,2025-11-06,Expired
M00285,Member 285,Female,46,Monthly,Basketball,2025-12-15,2026-01-14,Expired
M00286,Member 286,Male,47,Monthly,Swimming Pool,2026-05-12,2026-06-11,Expired
M00287,Member 287,Female,56,Annual,Football,2025-10-29,2026-10-29,Active
M00288,Member 288,Female,65,Monthly,Gym,2025-06-30,2025-07-30,Expired
M00289,Member 289,Male,27,Annual,Badminton,2026-08-30,2027-08-30,Active
M00290,Member 290,Female,23,Monthly,Football,2025-04-09,2025-05-09,Expired
M00291,Member 291,Male,23,Annual,Gym,2025-04-26,2026-04-26,Expired
M00292,Member 292,Male,65,Monthly,Basketball,2025-07-10,2025-08-09,Expired
M00293,Member 293,Male,43,Monthly,Swimming Pool,2025-09-10,2025-10-10,Expired
M00294,Member 294,Female,35,Monthly,Swimming Pool,2025-06-10,2025-07-10,Expired
M00295,Member 295,Male,62,Quarterly,Swimming Pool,2025-09-13,2025-12-12,Expired
M00296,Member 296,Male,22,Quarterly,Basketball,2025-11-19,2026-02-17,Expired
M00297,Member 297,Male,26,Annual,Gym,2025-05-08,2026-05-08,Expired
M00298,Member 298,Male,35,Monthly,Basketball,2025-01-18,2025-02-17,Expired
M00299,Member 299,Female,31,Monthly,Swimming Pool,2026-07-20,2026-08-19,Expired
M00300,Member 300,Male,19,Monthly,Football,2026-07-24,2026-08-23,Expired
M00301,Member 301,Male,21,Monthly,Badminton,2025-11-19,2025-12-19,Expired
M00302,Member 302,Female,37,Monthly,Basketball,2025-10-15,2025-11-14,Expired
M00303,Member 303,Male,41,Annual,Basketball,2025-06-04,2026-06-04,Expired
M00304,Member 304,Male,18,Annual,Gym,2026-05-05,2027-05-05,Active
M00305,Member 305,Male,56,Annual,Gym,2026-01-21,2027-01-21,Active
M00306,Member 306,Male,57,Quarterly,Basketball,2025-04-14,2025-07-13,Expired
M00307,Member 307,Male,29,Monthly,Swimming Pool,2026-01-28,2026-02-27,Expired
M00308,Member 308,Male,26,Monthly,Badminton,2025-09-03,2025-10-03,Expired
M00309,Member 309,Male,33,Monthly,Gym,2025-06-25,2025-07-25,Expired
M00310,Member 310,Female,27,Annual,Swimming Pool,2025-02-08,2026-02-08,Expired
M00311,Member 311,Male,38,Monthly,Football,2026-04-22,2026-05-22,Expired
M00312,Member 312,Female,27,Monthly,Gym,2026-06-22,2026-07-22,Expired
M00313,Member 313,Female,28,Monthly,Swimming Pool,2026-02-12,2026-03-14,Expired
M00314,Member 314,Male,40,Monthly,Swimming Pool,2026-06-09,2026-07-09,Expired
M00315,Member 315,Female,60,Annual,Badminton,2026-05-21,2027-05-21,Active
M00316,Member 316,Male,34,Quarterly,Badminton,2025-02-05,2025-05-06,Expired
M00317,Member 317,Female,61,Monthly,Football,2025-01-20,2025-02-19,Expired
M00318,Member 318,Male,51,Annual,Swimming Pool,2025-11-17,2026-11-17,Active
M00319,Member 319,Male,60,Quarterly,Swimming Pool,2026-05-27,2026-08-25,Expired
M00320,Member 320,Male,23,Monthly,Badminton,2026-02-04,2026-03-06,Expired
M00321,Member 321,Female,44,Monthly,Gym,2026-04-16,2026-05-16,Expired
M00322,Member 322,Male,47,Monthly,Gym,2025-05-23,2025-06-22,Expired
M00323,Member 323,Female,59,Monthly,Basketball,2025-04-02,2025-05-02,Expired
M00324,Member 324,Male,33,Annual,Badminton,2025-12-20,2026-12-20,Active
M00325,Member 325,Female,21,Monthly,Basketball,2025-02-20,2025-03-22,Expired
M00326,Member 326,Male,33,Annual,Badminton,2026-07-29,2027-07-29,Active
M00327,Member 327,Female,34,Monthly,Football,2025-07-09,2025-08-08,Expired
M00328,Member 328,Male,37,Monthly,Swimming Pool,2025-05-05,2025-06-04,Expired
M00329,Member 329,Male,52,Monthly,Football,2025-05-30,2025-06-29,Expired
M00330,Member 330,Male,47,Monthly,Badminton,2025-11-10,2025-12-10,Expired
M00331,Member 331,Male,56,Monthly,Swimming Pool,2026-07-24,2026-08-23,Expired
M00332,Member 332,Female,18,Annual,Gym,2025-12-08,2026-12-08,Active
M00333,Member 333,Male,43,Monthly,Gym,2025-11-01,2025-12-01,Expired
M00334,Member 334,Female,25,Quarterly,Basketball,2025-02-23,2025-05-24,Expired
M00335,Member 335,Male,50,Monthly,Badminton,2026-03-20,2026-04-19,Expired
M00336,Member 336,Male,44,Monthly,Badminton,2025-09-21,2025-10-21,Expired
M00337,Member 337,Male,30,Monthly,Gym,2025-02-22,2025-03-24,Expired
M00338,Member 338,Male,48,Quarterly,Football,2026-07-26,2026-10-24,Active
M00339,Member 339,Female,22,Monthly,Swimming Pool,2025-01-05,2025-02-04,Expired
M00340,Member 340,Male,27,Monthly,Football,2025-04-13,2025-05-13,Expired
M00341,Member 341,Male,64,Quarterly,Football,2025-07-15,2025-10-13,Expired
M00342,Member 342,Female,45,Monthly,Gym,2025-12-16,2026-01-15,Expired
M00343,Member 343,Female,36,Monthly,Gym,2025-02-16,2025-03-18,Expired
M00344,Member 344,Male,46,Monthly,Gym,2025-09-26,2025-10-26,Expired
M00345,Member 345,Male,39,Annual,Basketball,2026-01-05,2027-01-05,Active
M00346,Member 346,Female,35,Quarterly,Football,2025-04-16,2025-07-15,Expired
M00347,Member 347,Male,52,Monthly,Badminton,2025-04-30,2025-05-30,Expired
M00348,Member 348,Male,19,Monthly,Swimming Pool,2026-08-27,2026-09-26,Active
M00349,Member 349,Male,43,Annual,Basketball,2025-02-27,2026-02-27,Expired
M00350,Member 350,Female,59,Quarterly,Badminton,2025-12-12,2026-03-12,Expired
M00351,Member 351,Female,35,Monthly,Football,2026-04-19,2026-05-19,Expired
M00352,Member 352,Male,39,Annual,Gym,2025-04-27,2026-04-27,Expired
M00353,Member 353,Male,65,Monthly,Football,2025-05-07,2025-06-06,Expired
M00354,Member 354,Male,64,Monthly,Swimming Pool,2026-01-28,2026-02-27,Expired
M00355,Member 355,Female,47,Quarterly,Basketball,2025-02-27,2025-05-28,Expired
M00356,Member 356,Male,56,Monthly,Basketball,2026-05-28,2026-06-27,Expired
M00357,Member 357,Male,51,Annual,Swimming Pool,2025-04-06,2026-04-06,Expired
M00358,Member 358,Female,49,Quarterly,Badminton,2025-04-28,2025-07-27,Expired
M00359,Member 359,Male,51,Quarterly,Badminton,2026-07-14,2026-10-12,Active
M00360,Member 360,Female,17,Monthly,Basketball,2026-08-24,2026-09-23,Active
M00361,Member 361,Male,30,Monthly,Basketball,2026-05-03,2026-06-02,Expired
M00362,Member 362,Male,49,Monthly,Gym,2025-08-25,2025-09-24,Expired
M00363,Member 363,Male,51,Quarterly,Badminton,2025-09-29,2025-12-28,Expired
M00364,Member 364,Female,21,Monthly,Swimming Pool,2025-07-08,2025-08-07,Expired
M00365,Member 365,Female,54,Monthly,Badminton,2026-03-23,2026-04-22,Expired
M00366,Member 366,Female,57,Quarterly,Gym,2026-08-04,2026-11-02,Active
M00367,Member 367,Male,27,Monthly,Basketball,2025-09-04,2025-10-04,Expired
M00368,Member 368,Female,18,Quarterly,Basketball,2025-03-17,2025-06-15,Expired
M00369,Member 369,Male,60,Monthly,Gym,2025-06-03,2025-07-03,Expired
M00370,Member 370,Male,33,Annual,Swimming Pool,2026-03-11,2027-03-11,Active
M00371,Member 371,Female,55,Monthly,Basketball,2025-03-27,2025-04-26,Expired
M00372,Member 372,Male,36,Monthly,Football,2025-10-12,2025-11-11,Expired
M00373,Member 373,Male,30,Monthly,Basketball,2025-08-08,2025-09-07,Expired
M00374,Member 374,Male,48,Monthly,Football,2025-03-10,2025-04-09,Expired
M00375,Member 375,Male,50,Quarterly,Gym,2025-02-16,2025-05-17,Expired
M00376,Member 376,Male,41,Quarterly,Gym,2025-04-04,2025-07-03,Expired
M00377,Member 377,Female,23,Quarterly,Basketball,2026-03-29,2026-06-27,Expired
M00378,Member 378,Male,51,Monthly,Badminton,2025-07-23,2025-08-22,Expired
M00379,Member 379,Female,63,Monthly,Football,2025-08-06,2025-09-05,Expired
M00380,Member 380,Female,45,Monthly,Swimming Pool,2026-04-19,2026-05-19,Expired
M00381,Member 381,Male,38,Quarterly,Basketball,2026-03-08,2026-06-06,Expired
M00382,Member 382,Male,57,Annual,Swimming Pool,2025-12-07,2026-12-07,Active
M00383,Member 383,Male,59,Monthly,Basketball,2026-07-05,2026-08-04,Expired
M00384,Member 384,Female,29,Monthly,Badminton,2025-10-16,2025-11-15,Expired
M00385,Member 385,Male,29,Quarterly,Badminton,2025-09-11,2025-12-10,Expired
M00386,Member 386,Female,17,Annual,Badminton,2025-12-23,2026-12-23,Active
M00387,Member 387,Male,52,Quarterly,Badminton,2025-01-23,2025-04-23,Expired
M00388,Member 388,Female,20,Annual,Gym,2026-06-06,2027-06-06,Active
M00389,Member 389,Male,53,Monthly,Gym,2025-04-10,2025-05-10,Expired
M00390,Member 390,Male,60,Monthly,Football,2025-06-29,2025-07-29,Expired
M00391,Member 391,Female,56,Annual,Swimming Pool,2025-08-11,2026-08-11,Expired
M00392,Member 392,Female,62,Quarterly,Basketball,2026-03-18,2026-06-16,Expired
M00393,Member 393,Male,29,Monthly,Basketball,2026-08-31,2026-09-30,Active
M00394,Member 394,Female,54,Quarterly,Gym,2025-11-21,2026-02-19,Expired
M00395,Member 395,Male,40,Annual,Basketball,2026-05-31,2027-05-31,Active
M00396,Member 396,Female,35,Quarterly,Gym,2025-01-16,2025-04-16,Expired
M00397,Member 397,Female,17,Quarterly,Football,2025-12-02,2026-03-02,Expired
M00398,Member 398,Male,54,Monthly,Swimming Pool,2025-09-15,2025-10-15,Expired
M00399,Member 399,Male,21,Monthly,Football,2026-05-12,2026-06-11,Expired
M00400,Member 400,Male,32,Monthly,Badminton,2025-06-09,2025-07-09,Expired
M00401,Member 401,Male,40,Annual,Badminton,2026-04-20,2027-04-20,Active
M00402,Member 402,Female,43,Annual,Badminton,2026-01-15,2027-01-15,Active
M00403,Member 403,Male,17,Annual,Football,2026-06-29,2027-06-29,Active
M00404,Member 404,Male,50,Monthly,Basketball,2026-03-03,2026-04-02,Expired
M00405,Member 405,Female,52,Quarterly,Swimming Pool,2025-09-25,2025-12-24,Expired
M00406,Member 406,Female,20,Quarterly,Badminton,2026-07-31,2026-10-29,Active
M00407,Member 407,Male,16,Quarterly,Badminton,2026-02-21,2026-05-22,Expired
M00408,Member 408,Male,55,Quarterly,Badminton,2025-06-17,2025-09-15,Expired
M00409,Member 409,Male,27,Annual,Swimming Pool,2025-02-12,2026-02-12,Expired
M00410,Member 410,Male,51,Monthly,Badminton,2026-07-10,2026-08-09,Expired
M00411,Member 411,Female,60,Monthly,Swimming Pool,2025-10-12,2025-11-11,Expired
M00412,Member 412,Male,38,Monthly,Badminton,2026-02-01,2026-03-03,Expired
M00413,Member 413,Female,62,Monthly,Football,2025-01-12,2025-02-11,Expired
M00414,Member 414,Male,46,Quarterly,Football,2026-08-30,2026-11-28,Active
M00415,Member 415,Female,26,Quarterly,Swimming Pool,2025-10-29,2026-01-27,Expired
M00416,Member 416,Female,25,Monthly,Football,2025-09-10,2025-10-10,Expired
M00417,Member 417,Female,18,Monthly,Swimming Pool,2026-05-14,2026-06-13,Expired
M00418,Member 418,Male,29,Quarterly,Football,2025-02-04,2025-05-05,Expired
M00419,Member 419,Male,31,Monthly,Football,2025-03-31,2025-04-30,Expired
M00420,Member 420,Male,25,Monthly,Swimming Pool,2026-08-28,2026-09-27,Active
M00421,Member 421,Female,44,Monthly,Basketball,2026-08-25,2026-09-24,Active
M00422,Member 422,Female,25,Monthly,Football,2026-02-22,2026-03-24,Expired
M00423,Member 423,Female,27,Monthly,Badminton,2025-04-25,2025-05-25,Expired
M00424,Member 424,Female,45,Monthly,Basketball,2025-07-15,2025-08-14,Expired
M00425,Member 425,Female,56,Monthly,Swimming Pool,2026-05-16,2026-06-15,Expired
M00426,Member 426,Male,16,Annual,Basketball,2026-05-08,2027-05-08,Active
M00427,Member 427,Female,20,Monthly,Gym,2025-03-16,2025-04-15,Expired
M00428,Member 428,Male,35,Quarterly,Gym,2026-02-17,2026-05-18,Expired
M00429,Member 429,Male,23,Monthly,Football,2026-01-11,2026-02-10,Expired
M00430,Member 430,Male,58,Monthly,Football,2026-02-24,2026-03-26,Expired
M00431,Member 431,Male,27,Quarterly,Badminton,2025-10-04,2026-01-02,Expired
M00432,Member 432,Male,16,Monthly,Basketball,2026-01-29,2026-02-28,Expired
M00433,Member 433,Female,35,Monthly,Gym,2026-04-02,2026-05-02,Expired
M00434,Member 434,Male,43,Quarterly,Football,2025-07-11,2025-10-09,Expired
M00435,Member 435,Female,58,Quarterly,Basketball,2025-04-09,2025-07-08,Expired
M00436,Member 436,Male,52,Monthly,Football,2026-07-02,2026-08-01,Expired
M00437,Member 437,Male,62,Monthly,Football,2025-04-06,2025-05-06,Expired
M00438,Member 438,Male,52,Quarterly,Gym,2025-07-09,2025-10-07,Expired
M00439,Member 439,Male,27,Monthly,Gym,2025-02-06,2025-03-08,Expired
M00440,Member 440,Female,52,Quarterly,Football,2026-01-04,2026-04-04,Expired
M00441,Member 441,Male,64,Quarterly,Swimming Pool,2026-06-09,2026-09-07,Active
M00442,Member 442,Female,64,Annual,Football,2025-10-06,2026-10-06,Active
M00443,Member 443,Male,59,Monthly,Football,2025-08-05,2025-09-04,Expired
M00444,Member 444,Female,43,Annual,Badminton,2025-09-30,2026-09-30,Active
M00445,Member 445,Female,62,Monthly,Badminton,2025-03-03,2025-04-02,Expired
M00446,Member 446,Female,30,Monthly,Badminton,2026-08-19,2026-09-18,Active
M00447,Member 447,Male,21,Monthly,Swimming Pool,2025-12-08,2026-01-07,Expired
M00448,Member 448,Male,59,Quarterly,Swimming Pool,2026-02-01,2026-05-02,Expired
M00449,Member 449,Male,35,Monthly,Football,2025-01-19,2025-02-18,Expired
M00450,Member 450,Female,65,Monthly,Badminton,2025-06-26,2025-07-26,Expired
M00451,Member 451,Male,29,Monthly,Swimming Pool,2026-01-31,2026-03-02,Expired
M00452,Member 452,Male,17,Annual,Gym,2026-03-21,2027-03-21,Active
M00453,Member 453,Female,24,Quarterly,Football,2025-08-21,2025-11-19,Expired
M00454,Member 454,Male,52,Quarterly,Basketball,2025-03-17,2025-06-15,Expired
M00455,Member 455,Female,35,Monthly,Football,2025-09-22,2025-10-22,Expired
M00456,Member 456,Male,41,Monthly,Basketball,2026-03-31,2026-04-30,Expired
M00457,Member 457,Male,44,Quarterly,Badminton,2026-01-19,2026-04-19,Expired
M00458,Member 458,Female,16,Monthly,Basketball,2026-07-18,2026-08-17,Expired
M00459,Member 459,Male,50,Monthly,Badminton,2026-05-21,2026-06-20,Expired
M00460,Member 460,Female,21,Quarterly,Gym,2026-01-02,2026-04-02,Expired
M00461,Member 461,Male,52,Annual,Basketball,2025-05-24,2026-05-24,Expired
M00462,Member 462,Male,20,Quarterly,Football,2025-03-10,2025-06-08,Expired
M00463,Member 463,Female,48,Quarterly,Badminton,2025-04-09,2025-07-08,Expired
M00464,Member 464,Female,64,Annual,Football,2026-01-31,2027-01-31,Active
M00465,Member 465,Female,29,Monthly,Swimming Pool,2025-01-25,2025-02-24,Expired
M00466,Member 466,Male,27,Quarterly,Badminton,2026-04-14,2026-07-13,Expired
M00467,Member 467,Female,57,Annual,Basketball,2026-04-29,2027-04-29,Active
M00468,Member 468,Male,35,Monthly,Badminton,2026-07-19,2026-08-18,Expired
M00469,Member 469,Male,65,Quarterly,Football,2025-05-31,2025-08-29,Expired
M00470,Member 470,Female,39,Quarterly,Gym,2025-05-24,2025-08-22,Expired
M00471,Member 471,Male,58,Quarterly,Badminton,2026-07-23,2026-10-21,Active
M00472,Member 472,Female,49,Quarterly,Basketball,2025-02-08,2025-05-09,Expired
M00473,Member 473,Male,40,Annual,Swimming Pool,2025-04-19,2026-04-19,Expired
M00474,Member 474,Male,65,Quarterly,Gym,2025-02-11,2025-05-12,Expired
M00475,Member 475,Male,44,Monthly,Swimming Pool,2025-07-05,2025-08-04,Expired
M00476,Member 476,Female,54,Annual,Badminton,2026-02-02,2027-02-02,Active
M00477,Member 477,Female,46,Monthly,Football,2025-08-11,2025-09-10,Expired
M00478,Member 478,Female,62,Monthly,Football,2025-05-13,2025-06-12,Expired
M00479,Member 479,Female,58,Monthly,Basketball,2025-06-12,2025-07-12,Expired
M00480,Member 480,Female,65,Monthly,Football,2025-08-03,2025-09-02,Expired
M00481,Member 481,Female,38,Monthly,Gym,2025-08-23,2025-09-22,Expired
M00482,Member 482,Male,59,Annual,Football,2026-08-11,2027-08-11,Active
M00483,Member 483,Male,53,Quarterly,Basketball,2025-01-09,2025-04-09,Expired
M00484,Member 484,Male,35,Quarterly,Badminton,2025-03-15,2025-06-13,Expired
M00485,Member 485,Female,38,Monthly,Badminton,2026-05-07,2026-06-06,Expired
M00486,Member 486,Female,60,Annual,Football,2025-09-10,2026-09-10,Active
M00487,Member 487,Male,31,Annual,Swimming Pool,2025-08-18,2026-08-18,Expired
M00488,Member 488,Female,65,Quarterly,Badminton,2026-06-03,2026-09-01,Active
M00489,Member 489,Female,57,Monthly,Football,2025-06-23,2025-07-23,Expired
M00490,Member 490,Male,23,Monthly,Basketball,2025-06-17,2025-07-17,Expired
M00491,Member 491,Female,65,Monthly,Football,2025-06-19,2025-07-19,Expired
M00492,Member 492,Female,36,Monthly,Badminton,2026-01-28,2026-02-27,Expired
M00493,Member 493,Male,16,Monthly,Basketball,2025-07-13,2025-08-12,Expired
M00494,Member 494,Female,23,Annual,Football,2026-06-01,2027-06-01,Active
M00495,Member 495,Male,44,Monthly,Gym,2025-01-29,2025-02-28,Expired
M00496,Member 496,Female,47,Monthly,Basketball,2025-06-14,2025-07-14,Expired
M00497,Member 497,Female,53,Monthly,Gym,2026-02-26,2026-03-28,Expired
M00498,Member 498,Female,20,Monthly,Swimming Pool,2025-12-05,2026-01-04,Expired
M00499,Member 499,Male,62,Monthly,Basketball,2026-05-11,2026-06-10,Expired
M00500,Member 500,Female,37,Monthly,Gym,2025-12-31,2026-01-30,Expired
M00501,Member 501,Female,62,Monthly,Badminton,2025-12-08,2026-01-07,Expired
M00502,Member 502,Male,49,Quarterly,Badminton,2026-05-15,2026-08-13,Expired
M00503,Member 503,Female,16,Annual,Swimming Pool,2026-05-26,2027-05-26,Active
M00504,Member 504,Male,41,Monthly,Basketball,2025-11-23,2025-12-23,Expired
M00505,Member 505,Female,58,Monthly,Basketball,2025-08-05,2025-09-04,Expired
M00506,Member 506,Male,25,Annual,Basketball,2025-10-28,2026-10-28,Active
M00507,Member 507,Male,45,Monthly,Swimming Pool,2025-05-12,2025-06-11,Expired
M00508,Member 508,Male,65,Monthly,Basketball,2025-03-11,2025-04-10,Expired
M00509,Member 509,Female,33,Annual,Badminton,2025-09-09,2026-09-09,Active
M00510,Member 510,Male,32,Monthly,Gym,2026-02-19,2026-03-21,Expired
M00511,Member 511,Female,41,Quarterly,Badminton,2026-03-21,2026-06-19,Expired
M00512,Member 512,Male,23,Quarterly,Badminton,2025-07-01,2025-09-29,Expired
M00513,Member 513,Male,62,Monthly,Gym,2025-06-16,2025-07-16,Expired
M00514,Member 514,Male,55,Monthly,Badminton,2025-04-01,2025-05-01,Expired
M00515,Member 515,Female,64,Quarterly,Swimming Pool,2026-06-15,2026-09-13,Active
M00516,Member 516,Male,27,Monthly,Gym,2025-02-08,2025-03-10,Expired
M00517,Member 517,Female,42,Monthly,Badminton,2025-05-06,2025-06-05,Expired
M00518,Member 518,Female,23,Quarterly,Football,2026-03-27,2026-06-25,Expired
M00519,Member 519,Female,40,Monthly,Badminton,2025-06-22,2025-07-22,Expired
M00520,Member 520,Male,61,Monthly,Swimming Pool,2025-08-08,2025-09-07,Expired
M00521,Member 521,Male,19,Annual,Basketball,2025-02-27,2026-02-27,Expired
M00522,Member 522,Female,48,Monthly,Badminton,2026-04-21,2026-05-21,Expired
M00523,Member 523,Male,16,Annual,Basketball,2026-04-01,2027-04-01,Active
M00524,Member 524,Female,34,Quarterly,Football,2025-12-27,2026-03-27,Expired
M00525,Member 525,Male,46,Quarterly,Badminton,2025-01-01,2025-04-01,Expired
M00526,Member 526,Female,31,Monthly,Gym,2026-01-22,2026-02-21,Expired
M00527,Member 527,Female,29,Annual,Basketball,2025-12-14,2026-12-14,Active
M00528,Member 528,Female,63,Monthly,Football,2025-07-09,2025-08-08,Expired
M00529,Member 529,Male,20,Quarterly,Gym,2026-05-20,2026-08-18,Expired
M00530,Member 530,Female,56,Monthly,Gym,2025-07-10,2025-08-09,Expired
M00531,Member 531,Male,41,Monthly,Gym,2026-05-23,2026-06-22,Expired
M00532,Member 532,Male,43,Monthly,Gym,2026-01-04,2026-02-03,Expired
M00533,Member 533,Female,17,Annual,Badminton,2026-02-13,2027-02-13,Active
M00534,Member 534,Female,65,Annual,Badminton,2025-04-27,2026-04-27,Expired
M00535,Member 535,Female,21,Monthly,Badminton,2025-05-14,2025-06-13,Expired
M00536,Member 536,Female,24,Monthly,Football,2025-02-27,2025-03-29,Expired
M00537,Member 537,Male,48,Quarterly,Football,2026-07-10,2026-10-08,Active
M00538,Member 538,Male,56,Monthly,Football,2025-06-22,2025-07-22,Expired
M00539,Member 539,Female,40,Monthly,Swimming Pool,2025-05-29,2025-06-28,Expired
M00540,Member 540,Male,63,Quarterly,Football,2025-03-21,2025-06-19,Expired
M00541,Member 541,Male,28,Monthly,Badminton,2025-08-01,2025-08-31,Expired
M00542,Member 542,Male,24,Annual,Badminton,2025-07-22,2026-07-22,Expired
M00543,Member 543,Male,28,Monthly,Swimming Pool,2025-08-17,2025-09-16,Expired
M00544,Member 544,Male,46,Monthly,Swimming Pool,2025-08-15,2025-09-14,Expired
M00545,Member 545,Male,56,Monthly,Football,2026-06-16,2026-07-16,Expired
M00546,Member 546,Male,26,Quarterly,Basketball,2026-03-17,2026-06-15,Expired
M00547,Member 547,Male,19,Monthly,Swimming Pool,2026-02-06,2026-03-08,Expired
M00548,Member 548,Female,49,Quarterly,Gym,2025-02-16,2025-05-17,Expired
M00549,Member 549,Male,53,Monthly,Badminton,2025-08-21,2025-09-20,Expired
M00550,Member 550,Male,61,Annual,Gym,2025-11-01,2026-11-01,Active
M00551,Member 551,Female,19,Monthly,Badminton,2026-06-10,2026-07-10,Expired
M00552,Member 552,Male,53,Monthly,Badminton,2025-05-23,2025-06-22,Expired
M00553,Member 553,Female,34,Quarterly,Swimming Pool,2026-02-19,2026-05-20,Expired
M00554,Member 554,Female,21,Monthly,Swimming Pool,2026-05-28,2026-06-27,Expired
M00555,Member 555,Male,49,Monthly,Gym,2026-01-08,2026-02-07,Expired
M00556,Member 556,Male,33,Annual,Badminton,2026-07-20,2027-07-20,Active
M00557,Member 557,Female,28,Monthly,Gym,2025-09-16,2025-10-16,Expired
M00558,Member 558,Female,56,Quarterly,Basketball,2026-04-16,2026-07-15,Expired
M00559,Member 559,Male,38,Monthly,Gym,2025-01-12,2025-02-11,Expired
M00560,Member 560,Female,34,Quarterly,Football,2025-11-26,2026-02-24,Expired
M00561,Member 561,Male,60,Monthly,Gym,2025-12-24,2026-01-23,Expired
M00562,Member 562,Female,26,Monthly,Football,2026-02-12,2026-03-14,Expired
M00563,Member 563,Male,16,Annual,Football,2026-01-08,2027-01-08,Active
M00564,Member 564,Female,39,Quarterly,Football,2025-01-08,2025-04-08,Expired
M00565,Member 565,Female,22,Monthly,Basketball,2025-05-02,2025-06-01,Expired
M00566,Member 566,Female,40,Monthly,Gym,2025-12-14,2026-01-13,Expired
M00567,Member 567,Male,36,Annual,Gym,2025-03-31,2026-03-31,Expired
M00568,Member 568,Male,30,Monthly,Basketball,2025-11-12,2025-12-12,Expired
M00569,Member 569,Male,16,Quarterly,Badminton,2025-06-27,2025-09-25,Expired
M00570,Member 570,Male,27,Quarterly,Swimming Pool,2026-06-24,2026-09-22,Active
M00571,Member 571,Male,22,Monthly,Gym,2025-02-10,2025-03-12,Expired
M00572,Member 572,Female,30,Monthly,Swimming Pool,2026-05-17,2026-06-16,Expired
M00573,Member 573,Male,36,Quarterly,Basketball,2025-05-25,2025-08-23,Expired
M00574,Member 574,Male,34,Monthly,Badminton,2025-07-20,2025-08-19,Expired
M00575,Member 575,Female,44,Monthly,Badminton,2026-04-06,2026-05-06,Expired
M00576,Member 576,Female,40,Annual,Badminton,2026-07-12,2027-07-12,Active
M00577,Member 577,Female,48,Quarterly,Basketball,2026-07-01,2026-09-29,Active
M00578,Member 578,Female,64,Quarterly,Football,2025-09-10,2025-12-09,Expired
M00579,Member 579,Male,47,Quarterly,Football,2026-01-25,2026-04-25,Expired
M00580,Member 580,Male,64,Quarterly,Swimming Pool,2026-08-17,2026-11-15,Active
M00581,Member 581,Female,50,Monthly,Football,2025-09-13,2025-10-13,Expired
M00582,Member 582,Female,59,Monthly,Football,2026-03-26,2026-04-25,Expired
M00583,Member 583,Male,53,Monthly,Badminton,2025-01-10,2025-02-09,Expired
M00584,Member 584,Female,41,Monthly,Badminton,2025-08-30,2025-09-29,Expired
M00585,Member 585,Male,26,Quarterly,Swimming Pool,2025-09-08,2025-12-07,Expired
M00586,Member 586,Male,50,Monthly,Gym,2025-01-05,2025-02-04,Expired
M00587,Member 587,Male,23,Monthly,Swimming Pool,2025-04-29,2025-05-29,Expired
M00588,Member 588,Female,61,Monthly,Swimming Pool,2026-01-09,2026-02-08,Expired
M00589,Member 589,Female,29,Monthly,Basketball,2025-03-06,2025-04-05,Expired
M00590,Member 590,Male,25,Monthly,Basketball,2025-05-26,2025-06-25,Expired
M00591,Member 591,Female,17,Monthly,Swimming Pool,2025-08-12,2025-09-11,Expired
M00592,Member 592,Male,61,Monthly,Swimming Pool,2025-08-27,2025-09-26,Expired
M00593,Member 593,Male,24,Monthly,Swimming Pool,2025-06-26,2025-07-26,Expired
M00594,Member 594,Female,18,Monthly,Football,2025-10-09,2025-11-08,Expired
M00595,Member 595,Female,36,Quarterly,Basketball,2025-03-04,2025-06-02,Expired
M00596,Member 596,Female,41,Monthly,Swimming Pool,2025-08-05,2025-09-04,Expired
M00597,Member 597,Female,23,Monthly,Badminton,2026-04-06,2026-05-06,Expired
M00598,Member 598,Female,63,Quarterly,Badminton,2025-04-15,2025-07-14,Expired
M00599,Member 599,Female,17,Monthly,Football,2025-04-09,2025-05-09,Expired
M00600,Member 600,Male,21,Annual,Football,2026-05-26,2027-05-26,Active
