member_id,payment_date,amount_pkr,payment_type,payment_status
M00001,2026-06-17,30000.0,Membership Fee,Paid
M00001,2026-04-28,30000.0,Registration,Paid
M00001,2026-03-07,3500.0,Membership Fee,Paid
M00002,2026-07-27,9000.0,Renewal,Paid
M00002,2026-04-29,9000.0,Membership Fee,Paid
M00003,2026-06-08,30000.0,Renewal,Paid
M00003,2026-04-18,3500.0,Renewal,Paid
M00003,2026-07-14,3500.0,Renewal,Paid
M00004,2026-04-13,,Renewal,Paid
M00004,2026-03-28,3500.0,Renewal,Paid
M00004,2026-02-19,9000.0,Membership Fee,Paid
M00005,2026-02-21,9000.0,Membership Fee,Paid
M00005,2026-04-10,9000.0,Membership Fee,Paid
M00005,2026-03-25,3500.0,Registration,Paid
M00006,2026-01-06,3500.0,Membership Fee,Paid
M00006,2026-06-24,30000.0,Membership Fee,Paid
M00006,2026-07-10,30000.0,Renewal,Paid
M00007,2026-04-20,9000.0,Membership Fee,Paid
M00008,2026-05-20,3500.0,Renewal,Paid
M00008,2026-08-16,9000.0,Renewal,Paid
M00008,2026-05-14,30000.0,Renewal,Paid
M00009,2026-06-03,3500.0,Membership Fee,Paid
M00010,2026-06-14,9000.0,Registration,Paid
M00010,2026-03-09,3500.0,Membership Fee,Paid
M00011,2026-04-17,9000.0,Renewal,Paid
M00011,2026-04-15,9000.0,Renewal,Paid
M00012,2026-08-29,9000.0,Membership Fee,Paid
M00012,2026-08-03,30000.0,Renewal,Paid
M00012,2026-07-17,30000.0,Membership Fee,Paid
M00013,2026-02-21,9000.0,Renewal,Paid
M00014,2026-04-30,3500.0,Renewal,Paid
M00014,2026-04-16,9000.0,Membership Fee,Paid
M00015,2026-08-28,3500.0,Membership Fee,Paid
M00015,2026-04-07,30000.0,Renewal,Paid
M00015,2026-08-01,30000.0,Registration,Paid
M00016,2026-07-26,30000.0,Renewal,Paid
M00016,2026-08-05,30000.0,Registration,Paid
M00017,2026-07-02,9000.0,Membership Fee,Paid
M00017,2026-08-01,9000.0,Membership Fee,Paid
M00017,2026-05-22,9000.0,Registration,Paid
M00018,2026-02-24,9000.0,Registration,Paid
M00018,2026-04-15,30000.0,Registration,Paid
M00019,2026-05-22,30000.0,Registration,Paid
M00020,2026-02-20,30000.0,Membership Fee,Paid
M00020,2026-03-04,9000.0,Registration,Paid
M00021,2026-05-12,30000.0,Membership Fee,Paid
M00021,2026-03-16,3500.0,Renewal,Paid
M00021,2026-02-21,3500.0,Renewal,Paid
M00022,2026-08-27,3500.0,Membership Fee,Paid
M00023,2026-06-16,3500.0,Renewal,Paid
M00023,2026-08-02,3500.0,Registration,Paid
M00023,2026-07-18,9000.0,Membership Fee,Paid
M00024,2026-04-24,3500.0,Renewal,Paid
M00024,2026-02-01,30000.0,Registration,Paid
M00025,2026-07-16,9000.0,Renewal,Paid
M00026,2026-01-07,9000.0,Renewal,Paid
M00026,2026-01-05,9000.0,Membership Fee,Paid
M00026,2026-04-25,3500.0,Registration,Paid
M00027,2026-04-14,3500.0,Renewal,Paid
M00028,2026-07-05,3500.0,Registration,Paid
M00028,2026-05-25,9000.0,Registration,Paid
M00028,2026-08-31,9000.0,Membership Fee,Paid
M00029,2026-07-16,30000.0,Membership Fee,Paid
M00029,2026-02-16,30000.0,Renewal,Paid
M00030,2026-02-17,9000.0,Registration,Paid
M00030,2026-04-29,9000.0,Renewal,Paid
M00030,2026-05-29,9000.0,Registration,Paid
M00031,2026-01-28,3500.0,Registration,Paid
M00032,2026-05-25,9000.0,Renewal,Paid
M00032,2026-04-08,30000.0,Membership Fee,Paid
M00033,2026-02-23,3500.0,Renewal,Paid
M00033,2026-06-11,3500.0,Membership Fee,Paid
M00033,2026-03-16,30000.0,Membership Fee,Paid
M00034,2026-04-01,9000.0,Renewal,Paid
M00035,2026-01-02,3500.0,Renewal,Paid
M00035,2026-06-26,3500.0,Renewal,Paid
M00036,2026-08-01,3500.0,Membership Fee,Paid
M00036,2026-03-24,30000.0,Membership Fee,Paid
M00036,2026-01-10,3500.0,Membership Fee,Paid
M00037,2026-02-01,30000.0,Membership Fee,Paid
M00037,2026-04-14,9000.0,Membership Fee,Paid
M00038,2026-04-23,30000.0,Membership Fee,Paid
M00038,2026-05-19,3500.0,Registration,Paid
M00039,2026-04-13,30000.0,Registration,Paid
M00040,2026-05-25,30000.0,Membership Fee,Paid
M00040,2026-06-17,9000.0,Membership Fee,Paid
M00040,2026-07-16,3500.0,Membership Fee,Paid
M00041,2026-07-19,9000.0,Renewal,Paid
M00041,2026-02-04,30000.0,Renewal,Paid
M00042,2026-06-29,9000.0,Renewal,Paid
M00042,2026-06-28,9000.0,Membership Fee,Paid
M00043,2026-02-02,3500.0,Membership Fee,Paid
M00044,2026-06-04,30000.0,Membership Fee,Paid
M00045,2026-05-26,30000.0,Registration,Paid
M00045,2026-03-04,30000.0,Renewal,Paid
M00046,2026-04-02,9000.0,Membership Fee,Paid
M00047,2026-05-16,9000.0,Registration,Paid
M00048,2026-05-04,3500.0,Registration,Paid
M00048,2026-04-02,9000.0,Registration,Paid
M00048,2026-08-25,3500.0,Renewal,Paid
M00049,2026-02-04,3500.0,Membership Fee,Paid
M00049,2026-05-31,9000.0,Renewal,Paid
M00049,2026-07-23,3500.0,Renewal,Paid
M00050,2026-05-05,30000.0,Membership Fee,Paid
M00050,2026-05-16,9000.0,Registration,Paid
M00051,2026-05-08,30000.0,Membership Fee,Paid
M00051,2026-04-27,3500.0,Renewal,Paid
M00051,2026-04-08,9000.0,Renewal,Paid
M00052,2026-04-14,9000.0,Registration,Paid
M00053,2026-02-25,9000.0,Renewal,Paid
M00053,2026-01-28,3500.0,Renewal,Paid
M00054,2026-04-02,30000.0,Membership Fee,Paid
M00055,2026-05-07,3500.0,Membership Fee,Paid
M00056,2026-01-16,3500.0,Registration,Paid
M00056,2026-05-15,9000.0,Renewal,Paid
M00057,2026-02-10,3500.0,Registration,Paid
M00057,2026-03-12,3500.0,Membership Fee,Paid
M00057,2026-08-10,9000.0,Registration,Paid
M00058,2026-05-31,9000.0,Renewal,Paid
M00058,2026-05-06,3500.0,Membership Fee,Paid
M00059,2026-02-09,30000.0,Registration,Paid
M00060,2026-03-11,9000.0,Membership Fee,Paid
M00060,2026-02-15,30000.0,Registration,Paid
M00060,2026-05-18,9000.0,Registration,Paid
M00061,2026-03-21,3500.0,Membership Fee,Paid
M00062,2026-04-03,9000.0,Registration,Paid
M00063,2026-02-28,9000.0,Renewal,Paid
M00063,2026-01-17,9000.0,Membership Fee,Paid
M00063,2026-03-19,3500.0,Renewal,Paid
M00064,2026-07-19,9000.0,Renewal,Paid
M00064,2026-04-08,9000.0,Renewal,Paid
M00065,2026-04-21,3500.0,Membership Fee,Paid
M00065,2026-05-31,3500.0,Renewal,Paid
M00066,2026-08-16,9000.0,Registration,Paid
M00066,2026-06-28,9000.0,Membership Fee,Paid
M00066,2026-01-14,9000.0,Membership Fee,Paid
M00067,2026-07-11,9000.0,Registration,Paid
M00067,2026-07-25,9000.0,Membership Fee,Paid
M00068,2026-06-16,3500.0,Registration,Paid
M00069,2026-02-12,3500.0,Renewal,Paid
M00069,2026-08-15,30000.0,Membership Fee,Paid
M00069,2026-04-18,3500.0,Registration,Paid
M00070,2026-01-16,30000.0,Renewal,Paid
M00070,2026-02-19,30000.0,Renewal,Paid
M00070,2026-01-05,30000.0,Membership Fee,Paid
M00071,2026-03-28,30000.0,Membership Fee,Paid
M00071,2026-07-12,30000.0,Membership Fee,Paid
M00071,2026-08-13,9000.0,Registration,Paid
M00072,2026-05-07,30000.0,Registration,Paid
M00072,2026-04-30,3500.0,Registration,Paid
M00073,2026-06-02,9000.0,Registration,Paid
M00074,2026-08-21,9000.0,Registration,Paid
M00075,2026-01-20,30000.0,Registration,Paid
M00075,2026-02-19,9000.0,Renewal,Paid
M00075,2026-08-31,30000.0,Renewal,Paid
M00076,2026-01-07,3500.0,Membership Fee,Paid
M00077,2026-01-05,30000.0,Registration,Paid
M00077,2026-06-08,3500.0,Membership Fee,Paid
M00077,2026-01-11,9000.0,Membership Fee,Paid
M00078,2026-01-26,30000.0,Registration,Paid
M00078,2026-05-31,9000.0,Registration,Paid
M00078,2026-05-29,9000.0,Registration,Paid
M00079,2026-04-19,9000.0,Renewal,Paid
M00079,2026-04-16,9000.0,Renewal,Paid
M00079,2026-07-18,3500.0,Membership Fee,Paid
M00080,2026-03-10,9000.0,Registration,Paid
M00080,2026-03-05,3500.0,Renewal,Paid
M00081,2026-04-05,30000.0,Registration,Paid
M00081,2026-07-06,30000.0,Renewal,Paid
M00082,2026-01-27,3500.0,Renewal,Paid
M00082,2026-06-22,30000.0,Renewal,Paid
M00082,2026-03-18,3500.0,Membership Fee,Paid
M00083,2026-07-08,30000.0,Renewal,Paid
M00083,2026-07-24,30000.0,Renewal,Paid
M00084,2026-06-11,3500.0,Renewal,Paid
M00085,2026-02-22,3500.0,Membership Fee,Paid
M00085,2026-07-05,30000.0,Registration,Paid
M00086,2026-06-26,9000.0,Renewal,Paid
M00086,2026-01-29,3500.0,Renewal,Paid
M00087,2026-01-09,3500.0,Registration,Paid
M00087,2026-08-25,3500.0,Renewal,Paid
M00088,2026-05-18,3500.0,Membership Fee,Paid
M00088,2026-01-20,30000.0,Membership Fee,Paid
M00088,2026-01-28,30000.0,Renewal,Paid
M00089,2026-05-09,30000.0,Renewal,Paid
M00089,2026-05-02,30000.0,Registration,Paid
M00089,2026-06-23,30000.0,Renewal,Paid
M00090,2026-05-31,9000.0,Registration,Paid
M00090,2026-04-30,3500.0,Registration,Paid
M00090,2026-08-04,30000.0,Renewal,Paid
M00091,2026-07-04,3500.0,Registration,Paid
M00092,2026-01-15,3500.0,Renewal,Paid
M00092,2026-02-06,30000.0,Registration,Paid
M00093,2026-07-29,9000.0,Membership Fee,Paid
M00093,2026-07-18,30000.0,Renewal,Paid
M00094,2026-02-18,9000.0,Registration,Paid
M00094,2026-06-22,3500.0,Registration,Paid
M00094,2026-06-15,3500.0,Registration,Paid
M00095,2026-05-31,9000.0,Renewal,Paid
M00095,2026-06-30,30000.0,Membership Fee,Paid
M00095,2026-02-05,9000.0,Renewal,Paid
M00096,2026-04-12,30000.0,Membership Fee,Paid
M00097,2026-01-23,9000.0,Membership Fee,Paid
M00098,2026-04-25,30000.0,Registration,Paid
M00099,2026-02-23,30000.0,Registration,Paid
M00099,2026-07-15,3500.0,Renewal,Paid
M00099,2026-07-19,3500.0,Renewal,Paid
M00100,2026-03-06,30000.0,Membership Fee,Paid
M00100,2026-03-07,3500.0,Registration,Paid
M00100,2026-05-19,9000.0,Renewal,Paid
M00101,2026-06-12,3500.0,Registration,Paid
M00101,2026-07-10,30000.0,Registration,Paid
M00101,2026-01-23,30000.0,Renewal,Paid
M00102,2026-05-23,3500.0,Registration,Paid
M00102,2026-07-12,9000.0,Registration,Paid
M00102,2026-01-25,30000.0,Registration,Paid
M00103,2026-06-21,3500.0,Registration,Paid
M00103,2026-02-15,30000.0,Registration,Paid
M00104,2026-03-25,30000.0,Registration,Paid
M00104,2026-07-17,3500.0,Renewal,Paid
M00105,2026-02-19,30000.0,Membership Fee,Paid
M00106,2026-02-17,3500.0,Membership Fee,Paid
M00106,2026-04-23,3500.0,Registration,Paid
M00106,2026-08-01,3500.0,Renewal,Paid
M00107,2026-04-16,30000.0,Renewal,Paid
M00107,2026-08-16,30000.0,Membership Fee,Paid
M00108,2026-02-13,30000.0,Membership Fee,Paid
M00108,2026-07-10,3500.0,Membership Fee,Paid
M00108,2026-05-06,3500.0,Membership Fee,Paid
M00109,2026-07-11,3500.0,Renewal,Paid
M00109,2026-07-01,9000.0,Renewal,Paid
M00110,2026-05-03,9000.0,Membership Fee,Paid
M00110,2026-02-20,9000.0,Membership Fee,Paid
M00111,2026-05-15,30000.0,Registration,Paid
M00112,2026-06-20,3500.0,Registration,Paid
M00112,2026-03-03,9000.0,Renewal,Paid
M00113,2026-06-18,3500.0,Renewal,Paid
M00114,2026-02-21,3500.0,Registration,Paid
M00114,2026-08-06,9000.0,Registration,Paid
M00114,2026-05-11,3500.0,Renewal,Paid
M00115,2026-06-22,3500.0,Membership Fee,Paid
M00115,2026-07-29,9000.0,Membership Fee,Paid
M00115,2026-05-05,9000.0,Registration,Paid
M00116,2026-08-14,30000.0,Renewal,Paid
M00116,2026-04-17,3500.0,Membership Fee,Paid
M00116,2026-02-21,3500.0,Renewal,Paid
M00117,2026-07-05,30000.0,Renewal,Paid
M00118,2026-01-04,3500.0,Registration,Paid
M00119,2026-08-11,9000.0,Renewal,Paid
M00119,2026-01-11,3500.0,Membership Fee,Paid
M00119,2026-05-04,30000.0,Renewal,Paid
M00120,2026-07-08,30000.0,Membership Fee,Paid
M00120,2026-07-09,3500.0,Registration,Paid
M00120,2026-03-30,9000.0,Membership Fee,Paid
M00121,2026-04-28,3500.0,Renewal,Paid
M00121,2026-07-27,30000.0,Membership Fee,Paid
M00122,2026-03-11,9000.0,Renewal,Paid
M00122,2026-03-08,3500.0,Renewal,Paid
M00123,2026-06-07,30000.0,Registration,Paid
M00123,2026-01-01,9000.0,Membership Fee,Paid
M00124,2026-07-19,30000.0,Registration,Paid
M00125,2026-05-16,30000.0,Renewal,Paid
M00126,2026-07-19,3500.0,Renewal,Paid
M00126,2026-03-29,3500.0,Registration,Paid
M00126,2026-06-24,9000.0,Registration,Paid
M00127,2026-03-24,3500.0,Registration,Paid
M00127,2026-06-19,9000.0,Membership Fee,Paid
M00128,2026-06-20,30000.0,Membership Fee,Paid
M00128,2026-04-13,30000.0,Renewal,Paid
M00128,2026-08-14,9000.0,Registration,Paid
M00129,2026-02-22,30000.0,Registration,Paid
M00129,2026-02-02,30000.0,Renewal,Paid
M00130,2026-01-22,9000.0,Registration,Paid
M00130,2026-06-22,30000.0,Registration,Paid
M00130,2026-07-23,3500.0,Renewal,Paid
M00131,2026-06-29,9000.0,Registration,Paid
M00131,2026-07-29,3500.0,Renewal,Paid
M00132,2026-08-29,3500.0,Renewal,Paid
M00132,2026-02-28,30000.0,Renewal,Paid
M00133,2026-01-02,9000.0,Membership Fee,Paid
M00134,2026-07-06,3500.0,Registration,Paid
M00134,2026-01-10,30000.0,Registration,Paid
M00134,2026-04-12,3500.0,Renewal,Paid
M00135,2026-08-22,30000.0,Membership Fee,Paid
M00135,2026-02-08,3500.0,Registration,Paid
M00136,2026-03-31,3500.0,Membership Fee,Paid
M00136,2026-01-24,3500.0,Renewal,Paid
M00136,2026-01-08,3500.0,Membership Fee,Paid
M00137,2026-02-06,30000.0,Registration,Paid
M00137,2026-06-22,3500.0,Membership Fee,Paid
M00138,2026-01-02,30000.0,Membership Fee,Paid
M00138,2026-02-24,3500.0,Membership Fee,Paid
M00139,2026-05-04,3500.0,Renewal,Paid
M00139,2026-01-09,9000.0,Membership Fee,Paid
M00140,2026-07-09,9000.0,Registration,Paid
M00141,2026-03-14,3500.0,Membership Fee,Paid
M00141,2026-03-07,9000.0,Renewal,Paid
M00141,2026-02-25,30000.0,Renewal,Paid
M00142,2026-03-21,30000.0,Renewal,Paid
M00142,2026-04-23,30000.0,Registration,Paid
M00143,2026-06-25,3500.0,Membership Fee,Paid
M00144,2026-03-08,3500.0,Membership Fee,Paid
M00144,2026-08-28,30000.0,Membership Fee,Paid
M00145,2026-04-24,3500.0,Membership Fee,Paid
M00145,2026-04-05,3500.0,Membership Fee,Paid
M00145,2026-08-08,30000.0,Renewal,Paid
M00146,2026-01-23,3500.0,Registration,Paid
M00146,2026-04-17,9000.0,Registration,Paid
M00147,2026-02-19,9000.0,Membership Fee,Paid
M00147,2026-05-13,30000.0,Registration,Paid
M00148,2026-03-19,9000.0,Membership Fee,Paid
M00148,2026-07-31,30000.0,Membership Fee,Paid
M00149,2026-08-07,3500.0,Renewal,Paid
M00149,2026-06-03,3500.0,Registration,Paid
M00150,2026-01-16,9000.0,Registration,Paid
M00150,2026-07-31,9000.0,Registration,Paid
M00150,2026-03-14,3500.0,Renewal,Paid
M00151,2026-04-13,30000.0,Membership Fee,Paid
M00152,2026-04-23,3500.0,Membership Fee,Paid
M00152,2026-03-04,3500.0,Renewal,Paid
M00152,2026-08-24,30000.0,Registration,Paid
M00153,2026-06-06,3500.0,Membership Fee,Paid
M00153,2026-01-24,9000.0,Registration,Paid
M00153,2026-07-30,3500.0,Registration,Paid
M00154,2026-08-22,3500.0,Registration,Paid
M00154,2026-07-02,30000.0,Membership Fee,Paid
M00155,2026-04-09,9000.0,Membership Fee,Paid
M00156,2026-04-17,9000.0,Membership Fee,Paid
M00157,2026-06-25,30000.0,Membership Fee,Paid
M00158,2026-08-29,3500.0,Renewal,Paid
M00158,2026-03-06,30000.0,Renewal,Paid
M00159,2026-04-15,9000.0,Registration,Paid
M00159,2026-04-30,30000.0,Registration,Paid
M00159,2026-02-26,30000.0,Membership Fee,Paid
M00160,2026-02-20,30000.0,Membership Fee,Paid
M00160,2026-05-24,3500.0,Renewal,Paid
M00160,2026-02-14,30000.0,Renewal,Paid
M00161,2026-07-29,30000.0,Renewal,Paid
M00161,2026-08-08,30000.0,Membership Fee,Paid
M00162,2026-08-08,30000.0,Membership Fee,Paid
M00162,2026-02-24,3500.0,Membership Fee,Paid
M00163,2026-05-18,3500.0,Renewal,Paid
M00164,2026-05-04,3500.0,Registration,Paid
M00164,2026-04-14,9000.0,Registration,Paid
M00164,2026-01-03,9000.0,Renewal,Paid
M00165,2026-04-19,3500.0,Renewal,Paid
M00165,2026-07-19,9000.0,Renewal,Paid
M00166,2026-01-05,9000.0,Membership Fee,Paid
M00167,2026-07-21,9000.0,Renewal,Paid
M00167,2026-03-15,3500.0,Membership Fee,Paid
M00168,2026-01-23,9000.0,Membership Fee,Paid
M00168,2026-02-16,9000.0,Renewal,Paid
M00169,2026-04-08,30000.0,Registration,Paid
M00169,2026-01-18,30000.0,Membership Fee,Paid
M00169,2026-06-01,3500.0,Renewal,Paid
M00170,2026-05-13,30000.0,Registration,Paid
M00170,2026-04-30,3500.0,Registration,Paid
M00171,2026-07-07,3500.0,Registration,Paid
M00171,2026-04-18,3500.0,Registration,Paid
M00172,2026-01-29,30000.0,Membership Fee,Paid
M00173,2026-03-23,30000.0,Registration,Paid
M00174,2026-03-25,30000.0,Membership Fee,Paid
M00174,2026-06-12,30000.0,Renewal,Paid
M00174,2026-08-12,3500.0,Membership Fee,Paid
M00175,2026-03-03,30000.0,Registration,Paid
M00176,2026-01-25,9000.0,Renewal,Paid
M00176,2026-03-09,9000.0,Registration,Paid
M00176,2026-08-17,30000.0,Membership Fee,Paid
M00177,2026-01-23,9000.0,Registration,Paid
M00177,2026-01-26,9000.0,Registration,Paid
M00178,2026-06-16,9000.0,Membership Fee,Paid
M00178,2026-04-21,9000.0,Membership Fee,Paid
M00179,2026-06-28,9000.0,Renewal,Paid
M00179,2026-02-23,9000.0,Membership Fee,Paid
M00179,2026-02-10,9000.0,Membership Fee,Paid
M00180,2026-04-26,3500.0,Registration,Paid
M00180,2026-02-26,3500.0,Renewal,Paid
M00180,2026-06-07,3500.0,Renewal,Paid
M00181,2026-07-17,9000.0,Renewal,Paid
M00181,2026-07-30,30000.0,Renewal,Paid
M00182,2026-04-24,3500.0,Registration,Paid
M00182,2026-01-20,30000.0,Registration,Paid
M00183,2026-03-07,9000.0,Membership Fee,Paid
M00184,2026-02-18,3500.0,Membership Fee,Paid
M00185,2026-02-02,3500.0,Registration,Paid
M00185,2026-05-24,3500.0,Registration,Paid
M00185,2026-01-16,9000.0,Registration,Paid
M00186,2026-01-10,3500.0,Membership Fee,Paid
M00187,2026-04-26,30000.0,Renewal,Paid
M00187,2026-06-15,9000.0,Registration,Paid
M00187,2026-07-17,3500.0,Membership Fee,Paid
M00188,2026-04-14,30000.0,Membership Fee,Paid
M00188,2026-02-23,9000.0,Membership Fee,Paid
M00189,2026-05-28,30000.0,Membership Fee,Paid
M00190,2026-06-24,3500.0,Renewal,Paid
M00191,2026-02-05,30000.0,Membership Fee,Paid
M00191,2026-04-01,3500.0,Renewal,Paid
M00192,2026-08-07,9000.0,Registration,Paid
M00193,2026-05-05,3500.0,Renewal,Paid
M00194,2026-07-03,3500.0,Membership Fee,Paid
M00195,2026-07-12,9000.0,Registration,Paid
M00195,2026-02-11,30000.0,Registration,Paid
M00196,2026-04-06,3500.0,Membership Fee,Paid
M00197,2026-05-08,9000.0,Membership Fee,Paid
M00197,2026-03-30,30000.0,Registration,Paid
M00197,2026-05-07,3500.0,Membership Fee,Paid
M00198,2026-02-13,3500.0,Renewal,Paid
M00199,2026-05-07,9000.0,Registration,Paid
M00199,2026-05-27,3500.0,Membership Fee,Paid
M00199,2026-08-12,9000.0,Membership Fee,Paid
M00200,2026-08-24,3500.0,Renewal,Paid
M00200,2026-03-29,3500.0,Renewal,Paid
M00201,2026-06-14,9000.0,Registration,Paid
M00201,2026-07-30,9000.0,Membership Fee,Paid
M00201,2026-06-02,9000.0,Renewal,Paid
M00202,2026-02-27,30000.0,Renewal,Paid
M00202,2026-08-26,9000.0,Membership Fee,Paid
M00202,2026-03-11,3500.0,Renewal,Paid
M00203,2026-06-12,9000.0,Membership Fee,Paid
M00204,2026-01-19,9000.0,Renewal,Paid
M00204,2026-08-04,3500.0,Registration,Paid
M00205,2026-03-09,30000.0,Registration,Paid
M00205,2026-01-23,3500.0,Renewal,Paid
M00206,2026-02-20,30000.0,Membership Fee,Paid
M00206,2026-07-04,9000.0,Renewal,Paid
M00206,2026-06-09,30000.0,Registration,Paid
M00207,2026-04-14,3500.0,Membership Fee,Paid
M00208,2026-07-08,3500.0,Renewal,Paid
M00208,2026-07-09,3500.0,Registration,Paid
M00208,2026-02-25,30000.0,Membership Fee,Paid
M00209,2026-08-26,30000.0,Renewal,Paid
M00209,2026-01-13,9000.0,Registration,Paid
M00210,2026-08-30,30000.0,Registration,Paid
M00210,2026-07-23,3500.0,Membership Fee,Paid
M00211,2026-07-05,9000.0,Registration,Paid
M00211,2026-04-21,30000.0,Renewal,Paid
M00211,2026-04-30,3500.0,Registration,Paid
M00212,2026-07-22,3500.0,Registration,Paid
M00212,2026-07-26,30000.0,Renewal,Paid
M00212,2026-01-31,30000.0,Registration,Paid
M00213,2026-07-27,9000.0,Renewal,Paid
M00214,2026-07-31,9000.0,Renewal,Paid
M00214,2026-08-23,9000.0,Registration,Paid
M00215,2026-08-31,9000.0,Registration,Paid
M00216,2026-06-24,30000.0,Registration,Paid
M00217,2026-02-12,30000.0,Membership Fee,Paid
M00218,2026-07-27,30000.0,Renewal,Paid
M00218,2026-04-08,9000.0,Renewal,Paid
M00218,2026-05-06,3500.0,Membership Fee,Paid
M00219,2026-06-07,9000.0,Renewal,Paid
M00219,2026-01-22,3500.0,Registration,Paid
M00219,2026-03-17,9000.0,Membership Fee,Paid
M00220,2026-04-07,9000.0,Registration,Paid
M00221,2026-05-12,30000.0,Renewal,Paid
M00221,2026-01-19,9000.0,Renewal,Paid
M00221,2026-07-09,9000.0,Membership Fee,Paid
M00222,2026-08-03,30000.0,Membership Fee,Paid
M00223,2026-04-27,3500.0,Membership Fee,Paid
M00223,2026-07-21,30000.0,Renewal,Paid
M00224,2026-06-17,30000.0,Renewal,Paid
M00224,2026-08-13,9000.0,Registration,Paid
M00225,2026-02-02,30000.0,Registration,Paid
M00225,2026-07-12,30000.0,Membership Fee,Paid
M00225,2026-03-04,3500.0,Membership Fee,Paid
M00226,2026-03-01,3500.0,Membership Fee,Paid
M00226,2026-03-30,9000.0,Registration,Paid
M00227,2026-03-29,3500.0,Renewal,Paid
M00227,2026-07-05,3500.0,Renewal,Paid
M00227,2026-04-03,30000.0,Registration,Paid
M00228,2026-06-05,30000.0,Membership Fee,Paid
M00229,2026-01-29,9000.0,Registration,Paid
M00229,2026-05-15,9000.0,Membership Fee,Paid
M00230,2026-05-07,30000.0,Membership Fee,Paid
M00231,2026-08-12,9000.0,Renewal,Paid
M00231,2026-02-25,9000.0,Renewal,Paid
M00232,2026-07-27,9000.0,Registration,Paid
M00233,2026-08-29,9000.0,Membership Fee,Paid
M00234,2026-03-12,3500.0,Membership Fee,Paid
M00234,2026-07-26,3500.0,Renewal,Paid
M00234,2026-04-25,3500.0,Membership Fee,Paid
M00235,2026-08-29,9000.0,Registration,Paid
M00235,2026-02-07,9000.0,Renewal,Paid
M00235,2026-04-04,9000.0,Renewal,Paid
M00236,2026-07-29,30000.0,Renewal,Paid
M00237,2026-06-22,9000.0,Registration,Paid
M00237,2026-05-04,3500.0,Renewal,Paid
M00238,2026-07-26,30000.0,Registration,Paid
M00238,2026-08-13,9000.0,Renewal,Paid
M00238,2026-06-28,3500.0,Renewal,Paid
M00239,2026-01-13,9000.0,Membership Fee,Paid
M00239,2026-06-04,9000.0,Registration,Paid
M00239,2026-08-08,30000.0,Registration,Paid
M00240,2026-04-25,3500.0,Renewal,Paid
M00241,2026-06-29,9000.0,Renewal,Paid
M00241,2026-07-11,3500.0,Renewal,Paid
M00242,2026-08-09,9000.0,Renewal,Paid
M00243,2026-03-03,3500.0,Membership Fee,Paid
M00243,2026-08-14,3500.0,Registration,Paid
M00244,2026-07-21,3500.0,Registration,Paid
M00245,2026-03-10,9000.0,Registration,Paid
M00246,2026-03-29,9000.0,Registration,Paid
M00246,2026-01-30,3500.0,Membership Fee,Paid
M00246,2026-03-18,30000.0,Membership Fee,Paid
M00247,2026-05-24,3500.0,Registration,Paid
M00247,2026-01-04,3500.0,Renewal,Paid
M00248,2026-08-26,9000.0,Membership Fee,Paid
M00249,2026-02-02,30000.0,Registration,Paid
M00249,2026-07-17,9000.0,Membership Fee,Paid
M00250,2026-03-15,30000.0,Registration,Paid
M00250,2026-05-31,3500.0,Renewal,Paid
M00251,2026-08-10,30000.0,Renewal,Paid
M00251,2026-05-21,30000.0,Membership Fee,Paid
M00251,2026-05-17,9000.0,Membership Fee,Paid
M00252,2026-01-30,3500.0,Renewal,Paid
M00253,2026-04-24,3500.0,Renewal,Paid
M00253,2026-05-10,3500.0,Renewal,Paid
M00253,2026-03-22,9000.0,Membership Fee,Paid
M00254,2026-08-07,30000.0,Renewal,Paid
M00254,2026-05-10,30000.0,Renewal,Paid
M00254,2026-03-03,9000.0,Renewal,Paid
M00255,2026-08-12,30000.0,Registration,Paid
M00256,2026-02-20,9000.0,Membership Fee,Paid
M00256,2026-03-06,3500.0,Registration,Paid
M00257,2026-08-10,3500.0,Registration,Paid
M00258,2026-04-28,3500.0,Membership Fee,Paid
M00258,2026-04-26,30000.0,Membership Fee,Paid
M00259,2026-08-31,3500.0,Registration,Paid
M00260,2026-03-21,9000.0,Renewal,Paid
M00261,2026-08-06,9000.0,Membership Fee,Paid
M00262,2026-01-16,3500.0,Renewal,Paid
M00262,2026-03-19,9000.0,Renewal,Paid
M00263,2026-05-02,3500.0,Renewal,Paid
M00263,2026-03-18,30000.0,Renewal,Paid
M00264,2026-04-26,9000.0,Renewal,Paid
M00264,2026-08-07,9000.0,Registration,Paid
M00265,2026-07-13,9000.0,Renewal,Paid
M00265,2026-08-03,9000.0,Registration,Paid
M00266,2026-02-14,30000.0,Registration,Paid
M00266,2026-02-20,3500.0,Renewal,Paid
M00266,2026-01-07,30000.0,Renewal,Paid
M00267,2026-02-13,3500.0,Registration,Paid
M00268,2026-02-14,30000.0,Membership Fee,Paid
M00268,2026-03-03,3500.0,Registration,Paid
M00269,2026-02-11,3500.0,Membership Fee,Paid
M00270,2026-07-26,3500.0,Renewal,Paid
M00270,2026-03-01,30000.0,Membership Fee,Paid
M00271,2026-08-31,9000.0,Registration,Paid
M00271,2026-07-28,30000.0,Registration,Paid
M00271,2026-06-16,9000.0,Renewal,Paid
M00272,2026-03-20,30000.0,Registration,Paid
M00272,2026-04-19,30000.0,Membership Fee,Paid
M00273,2026-02-06,30000.0,Renewal,Paid
M00274,2026-07-04,30000.0,Registration,Paid
M00274,2026-06-17,9000.0,Registration,Paid
M00275,2026-02-16,3500.0,Registration,Paid
M00275,2026-03-04,9000.0,Renewal,Paid
M00276,2026-05-27,30000.0,Registration,Paid
M00277,2026-03-25,9000.0,Membership Fee,Paid
M00277,2026-01-25,3500.0,Registration,Paid
M00278,2026-02-27,30000.0,Renewal,Paid
M00279,2026-08-26,9000.0,Renewal,Paid
M00280,2026-04-27,30000.0,Renewal,Paid
M00281,2026-07-14,9000.0,Membership Fee,Paid
M00282,2026-07-15,30000.0,Membership Fee,Paid
M00282,2026-01-18,30000.0,Registration,Paid
M00283,2026-05-29,9000.0,Registration,Paid
M00283,2026-01-22,30000.0,Registration,Paid
M00283,2026-08-27,9000.0,Registration,Paid
M00284,2026-08-30,3500.0,Registration,Paid
M00284,2026-01-25,9000.0,Membership Fee,Paid
M00285,2026-03-28,9000.0,Renewal,Paid
M00286,2026-01-03,30000.0,Registration,Paid
M00287,2026-07-19,30000.0,Renewal,Paid
M00287,2026-04-24,9000.0,Renewal,Paid
M00287,2026-05-07,30000.0,Renewal,Paid
M00288,2026-03-11,3500.0,Renewal,Paid
M00289,2026-01-04,30000.0,Membership Fee,Paid
M00289,2026-05-30,9000.0,Membership Fee,Paid
M00289,2026-04-24,9000.0,Membership Fee,Paid
M00290,2026-08-19,9000.0,Membership Fee,Paid
M00290,2026-06-08,30000.0,Membership Fee,Paid
M00291,2026-05-30,30000.0,Renewal,Paid
M00291,2026-06-19,3500.0,Renewal,Paid
M00291,2026-05-20,3500.0,Registration,Paid
M00292,2026-03-03,30000.0,Renewal,Paid
M00292,2026-08-29,9000.0,Renewal,Paid
M00292,2026-01-02,9000.0,Renewal,Paid
M00293,2026-06-19,9000.0,Renewal,Paid
M00293,2026-02-07,30000.0,Renewal,Paid
M00293,2026-01-31,3500.0,Registration,Paid
M00294,2026-06-04,30000.0,Membership Fee,Paid
M00295,2026-01-06,30000.0,Membership Fee,Paid
M00296,2026-01-19,30000.0,Membership Fee,Paid
M00296,2026-03-11,9000.0,Membership Fee,Paid
M00296,2026-03-06,9000.0,Renewal,Paid
M00297,2026-01-22,3500.0,Renewal,Paid
M00297,2026-03-11,30000.0,Registration,Paid
M00297,2026-06-05,30000.0,Registration,Paid
M00298,2026-06-09,3500.0,Membership Fee,Paid
M00298,2026-03-13,9000.0,Renewal,Paid
M00299,2026-07-16,30000.0,Renewal,Paid
M00299,2026-05-19,3500.0,Registration,Paid
M00299,2026-04-22,9000.0,Renewal,Paid
M00300,2026-01-29,9000.0,Renewal,Paid
M00300,2026-04-23,30000.0,Membership Fee,Paid
M00301,2026-08-31,3500.0,Registration,Paid
M00302,2026-03-23,9000.0,Registration,Paid
M00302,2026-06-24,9000.0,Registration,Paid
M00303,2026-02-15,3500.0,Registration,Paid
M00303,2026-02-10,30000.0,Registration,Paid
M00304,2026-02-14,30000.0,Renewal,Paid
M00304,2026-02-04,9000.0,Membership Fee,Paid
M00304,2026-01-07,30000.0,Renewal,Paid
M00305,2026-04-12,9000.0,Renewal,Paid
M00306,2026-02-22,9000.0,Renewal,Paid
M00306,2026-02-04,3500.0,Renewal,Paid
M00306,2026-06-22,3500.0,Renewal,Paid
M00307,2026-08-17,9000.0,Renewal,Paid
M00307,2026-03-09,3500.0,Membership Fee,Paid
M00308,2026-07-14,9000.0,Registration,Paid
M00308,2026-04-24,3500.0,Registration,Paid
M00308,2026-05-03,3500.0,Renewal,Paid
M00309,2026-05-01,9000.0,Renewal,Paid
M00309,2026-01-07,9000.0,Registration,Paid
M00310,2026-02-10,9000.0,Membership Fee,Paid
M00311,2026-03-27,30000.0,Registration,Paid
M00312,2026-01-17,30000.0,Registration,Paid
M00312,2026-01-30,30000.0,Renewal,Paid
M00312,2026-04-24,9000.0,Renewal,Paid
M00313,2026-06-09,3500.0,Renewal,Paid
M00313,2026-02-16,9000.0,Registration,Paid
M00314,2026-05-06,3500.0,Renewal,Paid
M00314,2026-08-21,9000.0,Renewal,Paid
M00315,2026-07-28,30000.0,Registration,Paid
M00315,2026-03-07,9000.0,Renewal,Paid
M00315,2026-02-08,9000.0,Registration,Paid
M00316,2026-07-28,9000.0,Registration,Paid
M00316,2026-05-31,30000.0,Registration,Paid
M00316,2026-06-26,9000.0,Renewal,Paid
M00317,2026-01-26,30000.0,Renewal,Paid
M00317,2026-06-23,3500.0,Membership Fee,Paid
M00317,2026-05-03,9000.0,Registration,Paid
M00318,2026-03-11,9000.0,Membership Fee,Paid
M00318,2026-06-19,3500.0,Registration,Paid
M00319,2026-03-19,9000.0,Membership Fee,Paid
M00319,2026-01-20,30000.0,Renewal,Paid
M00320,2026-02-17,3500.0,Membership Fee,Paid
M00321,2026-01-06,30000.0,Renewal,Paid
M00321,2026-04-05,3500.0,Renewal,Paid
M00321,2026-06-17,30000.0,Renewal,Paid
M00322,2026-03-24,3500.0,Registration,Paid
M00323,2026-04-24,30000.0,Registration,Paid
M00324,2026-01-01,30000.0,Membership Fee,Paid
M00324,2026-07-06,9000.0,Renewal,Paid
M00325,2026-01-20,30000.0,Renewal,Paid
M00325,2026-06-03,30000.0,Registration,Paid
M00326,2026-01-31,30000.0,Renewal,Paid
M00326,2026-05-08,3500.0,Registration,Paid
M00327,2026-01-01,30000.0,Registration,Paid
M00327,2026-07-11,9000.0,Membership Fee,Paid
M00327,2026-01-21,30000.0,Registration,Paid
M00328,2026-03-30,9000.0,Renewal,Paid
M00328,2026-02-17,3500.0,Membership Fee,Paid
M00329,2026-06-17,9000.0,Renewal,Paid
M00330,2026-07-29,30000.0,Registration,Paid
M00330,2026-04-16,3500.0,Registration,Paid
M00331,2026-08-19,3500.0,Renewal,Paid
M00331,2026-03-09,9000.0,Registration,Paid
M00332,2026-01-20,9000.0,Renewal,Paid
M00332,2026-01-04,30000.0,Membership Fee,Paid
M00332,2026-03-04,30000.0,Registration,Paid
M00333,2026-03-22,9000.0,Membership Fee,Paid
M00334,2026-07-26,30000.0,Renewal,Paid
M00335,2026-02-01,3500.0,Membership Fee,Paid
M00335,2026-07-05,9000.0,Registration,Paid
M00336,2026-06-18,9000.0,Membership Fee,Paid
M00336,2026-05-24,9000.0,Renewal,Paid
M00336,2026-07-09,3500.0,Renewal,Paid
M00337,2026-06-06,9000.0,Renewal,Paid
M00338,2026-08-12,30000.0,Registration,Paid
M00339,2026-03-28,9000.0,Membership Fee,Paid
M00339,2026-04-25,9000.0,Renewal,Paid
M00340,2026-08-05,3500.0,Renewal,Paid
M00340,2026-01-31,9000.0,Registration,Paid
M00340,2026-02-23,3500.0,Registration,Paid
M00341,2026-08-07,3500.0,Renewal,Paid
M00341,2026-03-26,3500.0,Registration,Paid
M00342,2026-08-10,9000.0,Registration,Paid
M00343,2026-07-02,9000.0,Membership Fee,Paid
M00343,2026-04-30,30000.0,Renewal,Paid
M00344,2026-07-20,3500.0,Renewal,Paid
M00345,2026-02-16,30000.0,Membership Fee,Paid
M00346,2026-03-04,9000.0,Membership Fee,Paid
M00346,2026-05-21,3500.0,Renewal,Paid
M00347,2026-04-02,30000.0,Membership Fee,Paid
M00347,2026-04-09,9000.0,Renewal,Paid
M00347,2026-07-15,30000.0,Renewal,Paid
M00348,2026-02-22,30000.0,Membership Fee,Paid
M00348,2026-01-29,9000.0,Registration,Paid
M00348,2026-01-15,30000.0,Membership Fee,Paid
M00349,2026-03-26,3500.0,Membership Fee,Paid
M00349,2026-04-03,9000.0,Registration,Paid
M00349,2026-01-20,3500.0,Membership Fee,Paid
M00350,2026-02-02,30000.0,Membership Fee,Paid
M00350,2026-05-18,3500.0,Membership Fee,Paid
M00351,2026-01-03,30000.0,Renewal,Paid
M00352,2026-01-12,30000.0,Registration,Paid
M00352,2026-01-21,3500.0,Membership Fee,Paid
M00352,2026-02-15,3500.0,Renewal,Paid
M00353,2026-01-31,9000.0,Membership Fee,Paid
M00353,2026-05-03,3500.0,Renewal,Paid
M00353,2026-04-05,30000.0,Registration,Paid
M00354,2026-03-29,3500.0,Renewal,Paid
M00354,2026-07-27,30000.0,Renewal,Paid
M00354,2026-03-25,3500.0,Registration,Paid
M00355,2026-05-14,3500.0,Membership Fee,Paid
M00356,2026-06-20,30000.0,Renewal,Paid
M00356,2026-06-28,30000.0,Registration,Paid
M00356,2026-07-30,30000.0,Renewal,Paid
M00357,2026-02-13,30000.0,Registration,Paid
M00358,2026-02-17,3500.0,Membership Fee,Paid
M00358,2026-07-12,30000.0,Registration,Paid
M00359,2026-03-11,3500.0,Registration,Paid
M00360,2026-01-23,9000.0,Renewal,Paid
M00360,2026-05-30,9000.0,Membership Fee,Paid
M00360,2026-06-03,3500.0,Membership Fee,Paid
M00361,2026-02-11,3500.0,Registration,Paid
M00361,2026-08-03,3500.0,Registration,Paid
M00361,2026-07-22,9000.0,Registration,Paid
M00362,2026-02-26,3500.0,Renewal,Paid
M00363,2026-03-23,9000.0,Renewal,Paid
M00364,2026-03-24,30000.0,Renewal,Paid
M00364,2026-07-13,3500.0,Membership Fee,Paid
M00364,2026-02-22,30000.0,Membership Fee,Paid
M00365,2026-03-20,3500.0,Membership Fee,Paid
M00365,2026-03-22,3500.0,Registration,Paid
M00366,2026-08-25,30000.0,Membership Fee,Paid
M00366,2026-04-20,9000.0,Registration,Paid
M00366,2026-01-23,9000.0,Renewal,Paid
M00367,2026-04-29,30000.0,Renewal,Paid
M00367,2026-06-07,30000.0,Registration,Paid
M00367,2026-05-30,9000.0,Membership Fee,Paid
M00368,2026-06-22,3500.0,Registration,Paid
M00368,2026-04-10,9000.0,Membership Fee,Paid
M00368,2026-06-20,30000.0,Registration,Paid
M00369,2026-05-25,3500.0,Registration,Paid
M00369,2026-06-12,9000.0,Renewal,Paid
M00370,2026-01-29,30000.0,Registration,Paid
M00371,2026-05-29,9000.0,Membership Fee,Paid
M00372,2026-01-22,30000.0,Registration,Paid
M00372,2026-06-25,9000.0,Renewal,Paid
M00373,2026-02-21,3500.0,Renewal,Paid
M00374,2026-08-01,30000.0,Renewal,Paid
M00375,2026-08-13,3500.0,Renewal,Paid
M00376,2026-01-10,30000.0,Registration,Paid
M00376,2026-01-03,30000.0,Renewal,Paid
M00376,2026-05-24,3500.0,Registration,Paid
M00377,2026-07-19,3500.0,Membership Fee,Paid
M00377,2026-06-02,30000.0,Membership Fee,Paid
M00377,2026-06-04,9000.0,Renewal,Paid
M00378,2026-02-28,3500.0,Registration,Paid
M00378,2026-06-18,3500.0,Renewal,Paid
M00378,2026-04-12,30000.0,Membership Fee,Paid
M00379,2026-05-17,3500.0,Renewal,Paid
M00379,2026-02-26,3500.0,Renewal,Paid
M00379,2026-04-12,3500.0,Renewal,Paid
M00380,2026-01-09,9000.0,Membership Fee,Paid
M00380,2026-08-21,3500.0,Renewal,Paid
M00380,2026-03-12,9000.0,Registration,Paid
M00381,2026-01-28,30000.0,Membership Fee,Paid
M00382,2026-07-02,9000.0,Registration,Paid
M00382,2026-03-07,30000.0,Renewal,Paid
M00383,2026-07-31,30000.0,Registration,Paid
M00383,2026-01-04,30000.0,Membership Fee,Paid
M00384,2026-02-13,30000.0,Renewal,Paid
M00384,2026-04-26,3500.0,Renewal,Paid
M00385,2026-04-16,30000.0,Registration,Paid
M00386,2026-08-09,9000.0,Registration,Paid
M00386,2026-05-06,9000.0,Registration,Paid
M00386,2026-05-20,3500.0,Registration,Paid
M00387,2026-01-28,30000.0,Registration,Paid
M00387,2026-07-08,30000.0,Registration,Paid
M00387,2026-01-04,9000.0,Registration,Paid
M00388,2026-01-22,3500.0,Membership Fee,Paid
M00389,2026-05-20,30000.0,Renewal,Paid
M00390,2026-08-12,9000.0,Membership Fee,Paid
M00391,2026-05-06,30000.0,Renewal,Paid
M00391,2026-05-30,9000.0,Renewal,Paid
M00391,2026-02-27,9000.0,Registration,Paid
M00392,2026-07-30,9000.0,Registration,Paid
M00392,2026-05-01,3500.0,Membership Fee,Paid
M00393,2026-02-13,9000.0,Membership Fee,Paid
M00393,2026-08-21,9000.0,Renewal,Paid
M00394,2026-07-02,30000.0,Membership Fee,Paid
M00395,2026-07-08,30000.0,Renewal,Paid
M00395,2026-06-05,30000.0,Renewal,Paid
M00395,2026-03-19,9000.0,Membership Fee,Paid
M00396,2026-05-18,30000.0,Renewal,Paid
M00397,2026-08-16,3500.0,Registration,Paid
M00398,2026-08-13,9000.0,Renewal,Paid
M00398,2026-05-12,3500.0,Membership Fee,Paid
M00399,2026-04-07,30000.0,Registration,Paid
M00400,2026-01-05,3500.0,Membership Fee,Paid
M00400,2026-05-13,3500.0,Renewal,Paid
M00400,2026-03-27,3500.0,Renewal,Paid
M00401,2026-07-15,3500.0,Registration,Paid
M00402,2026-04-03,3500.0,Renewal,Paid
M00402,2026-05-27,3500.0,Registration,Paid
M00402,2026-01-23,3500.0,Membership Fee,Paid
M00403,2026-03-06,30000.0,Renewal,Paid
M00403,2026-07-11,3500.0,Registration,Paid
M00403,2026-07-01,3500.0,Renewal,Paid
M00404,2026-05-25,3500.0,Membership Fee,Paid
M00405,2026-08-10,9000.0,Renewal,Paid
M00405,2026-01-31,9000.0,Registration,Paid
M00406,2026-06-30,3500.0,Renewal,Paid
M00406,2026-08-10,30000.0,Renewal,Paid
M00406,2026-08-15,3500.0,Renewal,Paid
M00407,2026-02-08,9000.0,Membership Fee,Paid
M00407,2026-03-21,3500.0,Registration,Paid
M00408,2026-08-11,3500.0,Renewal,Paid
M00408,2026-01-10,3500.0,Membership Fee,Paid
M00408,2026-08-14,30000.0,Membership Fee,Paid
M00409,2026-01-03,3500.0,Membership Fee,Paid
M00409,2026-02-18,30000.0,Renewal,Paid
M00410,2026-01-15,30000.0,Renewal,Paid
M00410,2026-01-27,9000.0,Renewal,Paid
M00411,2026-06-24,9000.0,Membership Fee,Paid
M00411,2026-04-09,3500.0,Membership Fee,Paid
M00412,2026-04-23,9000.0,Membership Fee,Paid
M00413,2026-06-04,30000.0,Membership Fee,Paid
M00413,2026-05-30,30000.0,Registration,Paid
M00414,2026-01-03,30000.0,Membership Fee,Paid
M00414,2026-05-24,30000.0,Registration,Paid
M00415,2026-07-18,9000.0,Renewal,Paid
M00415,2026-01-23,30000.0,Membership Fee,Paid
M00415,2026-01-07,3500.0,Renewal,Paid
M00416,2026-03-01,9000.0,Renewal,Paid
M00417,2026-03-04,3500.0,Renewal,Paid
M00417,2026-01-14,3500.0,Membership Fee,Paid
M00417,2026-06-13,3500.0,Membership Fee,Paid
M00418,2026-05-12,30000.0,Registration,Paid
M00418,2026-08-17,9000.0,Membership Fee,Paid
M00419,2026-04-23,9000.0,Membership Fee,Paid
M00420,2026-08-19,3500.0,Registration,Paid
M00421,2026-08-23,9000.0,Registration,Paid
M00422,2026-08-14,30000.0,Membership Fee,Paid
M00423,2026-01-08,3500.0,Membership Fee,Paid
M00424,2026-01-17,3500.0,Registration,Paid
M00425,2026-02-09,9000.0,Registration,Paid
M00425,2026-01-28,3500.0,Renewal,Paid
M00426,2026-08-23,3500.0,Membership Fee,Paid
M00426,2026-04-01,30000.0,Registration,Paid
M00427,2026-06-26,3500.0,Membership Fee,Paid
M00427,2026-01-05,30000.0,Registration,Paid
M00428,2026-06-23,9000.0,Membership Fee,Paid
M00428,2026-02-16,3500.0,Renewal,Paid
M00429,2026-01-16,3500.0,Membership Fee,Paid
M00429,2026-06-22,30000.0,Renewal,Paid
M00429,2026-07-02,9000.0,Renewal,Paid
M00430,2026-07-13,30000.0,Registration,Paid
M00431,2026-01-05,9000.0,Renewal,Paid
M00431,2026-05-30,3500.0,Membership Fee,Paid
M00432,2026-06-25,30000.0,Renewal,Paid
M00432,2026-05-25,3500.0,Renewal,Paid
M00432,2026-02-23,3500.0,Renewal,Paid
M00433,2026-07-24,30000.0,Registration,Paid
M00434,2026-07-13,3500.0,Renewal,Paid
M00434,2026-08-11,9000.0,Membership Fee,Paid
M00434,2026-03-14,3500.0,Registration,Paid
M00435,2026-06-21,30000.0,Membership Fee,Paid
M00435,2026-07-25,3500.0,Renewal,Paid
M00436,2026-08-14,9000.0,Membership Fee,Paid
M00437,2026-02-16,3500.0,Renewal,Paid
M00438,2026-03-05,30000.0,Membership Fee,Paid
M00438,2026-05-29,3500.0,Registration,Paid
M00439,2026-06-17,3500.0,Registration,Paid
M00439,2026-01-14,9000.0,Registration,Paid
M00440,2026-02-11,30000.0,Renewal,Paid
M00441,2026-05-01,3500.0,Membership Fee,Paid
M00441,2026-08-02,9000.0,Renewal,Paid
M00442,2026-02-02,30000.0,Membership Fee,Paid
M00442,2026-07-25,30000.0,Renewal,Paid
M00442,2026-04-06,9000.0,Renewal,Paid
M00443,2026-04-23,30000.0,Renewal,Paid
M00444,2026-05-22,9000.0,Membership Fee,Paid
M00444,2026-01-03,9000.0,Renewal,Paid
M00445,2026-04-19,30000.0,Renewal,Paid
M00446,2026-08-20,9000.0,Membership Fee,Paid
M00447,2026-06-21,9000.0,Renewal,Paid
M00447,2026-03-07,9000.0,Membership Fee,Paid
M00448,2026-02-22,9000.0,Membership Fee,Paid
M00449,2026-02-06,3500.0,Renewal,Paid
M00449,2026-02-12,9000.0,Renewal,Paid
M00450,2026-08-16,3500.0,Renewal,Paid
M00450,2026-06-30,30000.0,Renewal,Paid
M00450,2026-05-14,30000.0,Registration,Paid
M00451,2026-03-16,30000.0,Registration,Paid
M00451,2026-07-28,9000.0,Membership Fee,Paid
M00452,2026-07-02,30000.0,Renewal,Paid
M00452,2026-07-28,9000.0,Renewal,Paid
M00453,2026-06-13,3500.0,Registration,Paid
M00454,2026-01-07,30000.0,Membership Fee,Paid
M00454,2026-08-19,9000.0,Renewal,Paid
M00455,2026-03-10,3500.0,Membership Fee,Paid
M00456,2026-06-21,9000.0,Registration,Paid
M00456,2026-08-01,30000.0,Membership Fee,Paid
M00456,2026-08-12,9000.0,Membership Fee,Paid
M00457,2026-01-13,9000.0,Registration,Paid
M00458,2026-08-14,3500.0,Membership Fee,Paid
M00458,2026-08-30,30000.0,Renewal,Paid
M00459,2026-01-25,30000.0,Renewal,Paid
M00460,2026-07-10,9000.0,Renewal,Paid
M00461,2026-07-30,3500.0,Registration,Paid
M00461,2026-04-07,3500.0,Renewal,Paid
M00461,2026-06-20,9000.0,Registration,Paid
M00462,2026-01-26,30000.0,Renewal,Paid
M00462,2026-01-19,9000.0,Membership Fee,Paid
M00463,2026-01-10,9000.0,Renewal,Paid
M00463,2026-04-19,30000.0,Renewal,Paid
M00463,2026-02-26,3500.0,Renewal,Paid
M00464,2026-02-13,9000.0,Registration,Paid
M00464,2026-03-05,3500.0,Registration,Paid
M00465,2026-08-10,9000.0,Membership Fee,Paid
M00465,2026-01-24,30000.0,Renewal,Paid
M00466,2026-03-05,9000.0,Registration,Paid
M00466,2026-05-31,3500.0,Registration,Paid
M00467,2026-08-12,30000.0,Membership Fee,Paid
M00467,2026-08-17,30000.0,Renewal,Paid
M00468,2026-07-23,3500.0,Membership Fee,Paid
M00469,2026-05-12,9000.0,Membership Fee,Paid
M00470,2026-05-27,3500.0,Renewal,Paid
M00471,2026-02-20,30000.0,Registration,Paid
M00471,2026-06-26,30000.0,Renewal,Paid
M00471,2026-01-14,3500.0,Renewal,Paid
M00472,2026-05-28,30000.0,Renewal,Paid
M00472,2026-06-18,30000.0,Renewal,Paid
M00472,2026-02-02,3500.0,Renewal,Paid
M00473,2026-06-09,3500.0,Renewal,Paid
M00473,2026-04-16,3500.0,Renewal,Paid
M00474,2026-04-18,30000.0,Registration,Paid
M00474,2026-03-05,30000.0,Registration,Paid
M00474,2026-02-22,3500.0,Renewal,Paid
M00475,2026-06-14,3500.0,Membership Fee,Paid
M00475,2026-01-27,9000.0,Renewal,Paid
M00476,2026-03-23,30000.0,Registration,Paid
M00476,2026-01-03,3500.0,Renewal,Paid
M00476,2026-08-05,30000.0,Membership Fee,Paid
M00477,2026-01-10,3500.0,Renewal,Paid
M00477,2026-06-29,30000.0,Membership Fee,Paid
M00478,2026-04-17,9000.0,Membership Fee,Paid
M00478,2026-01-21,9000.0,Renewal,Paid
M00478,2026-04-07,30000.0,Renewal,Paid
M00479,2026-01-11,3500.0,Registration,Paid
M00480,2026-06-13,3500.0,Registration,Paid
M00481,2026-02-26,30000.0,Registration,Paid
M00482,2026-03-09,9000.0,Renewal,Paid
M00482,2026-04-28,9000.0,Registration,Paid
M00483,2026-08-06,3500.0,Registration,Paid
M00483,2026-04-21,3500.0,Renewal,Paid
M00483,2026-03-04,9000.0,Membership Fee,Paid
M00484,2026-04-23,9000.0,Membership Fee,Paid
M00485,2026-02-25,9000.0,Membership Fee,Paid
M00485,2026-01-04,3500.0,Renewal,Paid
M00485,2026-05-14,9000.0,Membership Fee,Paid
M00486,2026-04-25,3500.0,Registration,Paid
M00486,2026-05-29,9000.0,Renewal,Paid
M00486,2026-08-31,3500.0,Registration,Paid
M00487,2026-03-30,30000.0,Registration,Paid
M00487,2026-02-17,3500.0,Membership Fee,Paid
M00487,2026-04-01,9000.0,Renewal,Paid
M00488,2026-07-18,30000.0,Renewal,Paid
M00488,2026-03-12,3500.0,Registration,Paid
M00489,2026-06-02,9000.0,Renewal,Paid
M00490,2026-04-26,9000.0,Renewal,Paid
M00491,2026-04-22,9000.0,Membership Fee,Paid
M00492,2026-08-29,30000.0,Registration,Paid
M00493,2026-01-28,9000.0,Renewal,Paid
M00493,2026-05-08,9000.0,Membership Fee,Paid
M00493,2026-05-16,9000.0,Renewal,Paid
M00494,2026-08-03,9000.0,Membership Fee,Paid
M00494,2026-08-11,30000.0,Membership Fee,Paid
M00494,2026-04-15,30000.0,Registration,Paid
M00495,2026-07-08,3500.0,Membership Fee,Paid
M00496,2026-02-28,30000.0,Membership Fee,Paid
M00496,2026-08-30,9000.0,Registration,Paid
M00496,2026-08-07,3500.0,Renewal,Paid
M00497,2026-06-13,3500.0,Membership Fee,Paid
M00497,2026-07-19,30000.0,Registration,Paid
M00497,2026-06-10,3500.0,Membership Fee,Paid
M00498,2026-08-06,9000.0,Membership Fee,Paid
M00498,2026-04-02,9000.0,Membership Fee,Paid
M00498,2026-03-23,30000.0,Renewal,Paid
M00499,2026-02-14,30000.0,Renewal,Paid
M00499,2026-05-01,30000.0,Membership Fee,Paid
M00500,2026-08-07,3500.0,Renewal,Paid
M00500,2026-04-28,9000.0,Renewal,Paid
M00500,2026-05-19,30000.0,Membership Fee,Paid
M00501,2026-01-03,30000.0,Registration,Paid
M00501,2026-02-07,30000.0,Membership Fee,Paid
M00502,2026-06-03,3500.0,Registration,Paid
M00503,2026-06-06,3500.0,Renewal,Paid
M00504,2026-03-24,30000.0,Registration,Paid
M00504,2026-07-31,9000.0,Renewal,Paid
M00505,2026-05-16,30000.0,Renewal,Paid
M00505,2026-01-30,30000.0,Renewal,Paid
M00505,2026-04-15,30000.0,Registration,Paid
M00506,2026-05-13,30000.0,Registration,Paid
M00506,2026-03-06,3500.0,Membership Fee,Paid
M00506,2026-07-02,3500.0,Registration,Paid
M00507,2026-08-24,3500.0,Renewal,Paid
M00508,2026-04-17,9000.0,Membership Fee,Paid
M00508,2026-03-15,3500.0,Registration,Paid
M00508,2026-05-06,3500.0,Renewal,Paid
M00509,2026-02-01,3500.0,Registration,Paid
M00509,2026-01-26,3500.0,Registration,Paid
M00510,2026-05-01,30000.0,Membership Fee,Paid
M00511,2026-03-19,3500.0,Renewal,Paid
M00511,2026-02-27,9000.0,Registration,Paid
M00512,2026-03-06,3500.0,Membership Fee,Paid
M00512,2026-01-07,9000.0,Registration,Paid
M00512,2026-04-26,3500.0,Registration,Paid
M00513,2026-04-05,3500.0,Registration,Paid
M00513,2026-03-03,30000.0,Renewal,Paid
M00514,2026-08-26,30000.0,Membership Fee,Paid
M00514,2026-05-30,9000.0,Membership Fee,Paid
M00515,2026-05-31,3500.0,Renewal,Paid
M00516,2026-07-30,9000.0,Registration,Paid
M00516,2026-04-23,9000.0,Registration,Paid
M00517,2026-04-27,3500.0,Renewal,Paid
M00517,2026-07-24,3500.0,Renewal,Paid
M00517,2026-03-03,9000.0,Renewal,Paid
M00518,2026-07-02,3500.0,Renewal,Paid
M00519,2026-06-25,30000.0,Renewal,Paid
M00520,2026-03-29,3500.0,Registration,Paid
M00520,2026-08-19,9000.0,Renewal,Paid
M00521,2026-08-05,30000.0,Renewal,Paid
M00522,2026-08-14,30000.0,Membership Fee,Paid
M00523,2026-03-06,9000.0,Membership Fee,Paid
M00523,2026-02-17,3500.0,Renewal,Paid
M00524,2026-02-13,3500.0,Renewal,Paid
M00524,2026-01-12,30000.0,Renewal,Paid
M00524,2026-07-21,3500.0,Membership Fee,Paid
M00525,2026-03-08,3500.0,Registration,Paid
M00525,2026-03-31,3500.0,Membership Fee,Paid
M00525,2026-02-26,9000.0,Renewal,Paid
M00526,2026-01-29,9000.0,Membership Fee,Paid
M00526,2026-02-26,30000.0,Membership Fee,Paid
M00527,2026-06-12,9000.0,Registration,Paid
M00527,2026-08-16,9000.0,Membership Fee,Paid
M00528,2026-01-05,30000.0,Renewal,Paid
M00528,2026-08-16,30000.0,Renewal,Paid
M00528,2026-01-31,3500.0,Registration,Paid
M00529,2026-07-04,30000.0,Renewal,Paid
M00529,2026-01-10,3500.0,Registration,Paid
M00529,2026-08-09,3500.0,Registration,Paid
M00530,2026-08-23,9000.0,Membership Fee,Paid
M00530,2026-05-17,3500.0,Membership Fee,Paid
M00530,2026-02-03,30000.0,Membership Fee,Paid
M00531,2026-08-23,9000.0,Renewal,Paid
M00531,2026-08-16,9000.0,Registration,Paid
M00532,2026-04-11,9000.0,Registration,Paid
M00532,2026-07-08,9000.0,Membership Fee,Paid
M00532,2026-08-18,30000.0,Registration,Paid
M00533,2026-05-01,3500.0,Membership Fee,Paid
M00533,2026-01-01,3500.0,Renewal,Paid
M00533,2026-01-15,9000.0,Membership Fee,Paid
M00534,2026-01-05,3500.0,Registration,Paid
M00534,2026-08-16,9000.0,Registration,Paid
M00534,2026-04-15,30000.0,Renewal,Paid
M00535,2026-02-26,3500.0,Registration,Paid
M00535,2026-01-20,30000.0,Registration,Paid
M00536,2026-03-04,30000.0,Registration,Paid
M00536,2026-07-17,9000.0,Membership Fee,Paid
M00536,2026-07-06,9000.0,Renewal,Paid
M00537,2026-03-04,30000.0,Registration,Paid
M00537,2026-04-17,3500.0,Renewal,Paid
M00538,2026-02-21,9000.0,Registration,Paid
M00539,2026-01-11,3500.0,Renewal,Paid
M00540,2026-03-14,9000.0,Renewal,Paid
M00540,2026-01-09,30000.0,Membership Fee,Paid
M00540,2026-03-11,30000.0,Renewal,Paid
M00541,2026-08-28,30000.0,Registration,Paid
M00541,2026-02-24,3500.0,Membership Fee,Paid
M00542,2026-03-16,9000.0,Renewal,Paid
M00542,2026-01-06,3500.0,Membership Fee,Paid
M00542,2026-05-07,9000.0,Registration,Paid
M00543,2026-05-29,30000.0,Registration,Paid
M00543,2026-02-02,3500.0,Membership Fee,Paid
M00544,2026-01-05,9000.0,Renewal,Paid
M00544,2026-02-24,9000.0,Renewal,Paid
M00545,2026-04-27,3500.0,Membership Fee,Paid
M00545,2026-04-25,3500.0,Registration,Paid
M00546,2026-07-03,3500.0,Renewal,Paid
M00547,2026-01-17,30000.0,Membership Fee,Paid
M00547,2026-02-24,3500.0,Registration,Paid
M00548,2026-06-26,30000.0,Renewal,Paid
M00548,2026-08-26,9000.0,Renewal,Paid
M00548,2026-05-03,9000.0,Renewal,Paid
M00549,2026-04-23,3500.0,Registration,Paid
M00549,2026-06-10,30000.0,Membership Fee,Paid
M00549,2026-04-25,30000.0,Renewal,Paid
M00550,2026-08-15,3500.0,Renewal,Paid
M00550,2026-05-21,9000.0,Membership Fee,Paid
M00550,2026-08-19,9000.0,Membership Fee,Paid
M00551,2026-05-08,30000.0,Membership Fee,Paid
M00551,2026-06-05,30000.0,Renewal,Paid
M00552,2026-06-11,3500.0,Renewal,Paid
M00552,2026-01-26,3500.0,Renewal,Paid
M00552,2026-05-09,9000.0,Membership Fee,Paid
M00553,2026-08-22,3500.0,Membership Fee,Paid
M00553,2026-02-25,9000.0,Registration,Paid
M00553,2026-08-16,3500.0,Registration,Paid
M00554,2026-05-07,9000.0,Membership Fee,Paid
M00554,2026-08-04,9000.0,Renewal,Paid
M00554,2026-07-25,3500.0,Membership Fee,Paid
M00555,2026-08-14,3500.0,Renewal,Paid
M00555,2026-07-18,3500.0,Renewal,Paid
M00556,2026-06-03,9000.0,Membership Fee,Paid
M00557,2026-06-30,3500.0,Renewal,Paid
M00558,2026-02-17,30000.0,Registration,Paid
M00558,2026-06-19,9000.0,Registration,Paid
M00559,2026-01-09,9000.0,Membership Fee,Paid
M00559,2026-05-02,30000.0,Renewal,Paid
M00560,2026-01-01,3500.0,Membership Fee,Paid
M00561,2026-04-22,30000.0,Registration,Paid
M00561,2026-08-18,30000.0,Membership Fee,Paid
M00561,2026-08-31,30000.0,Registration,Paid
M00562,2026-07-15,9000.0,Membership Fee,Paid
M00562,2026-08-07,30000.0,Membership Fee,Paid
M00563,2026-03-11,9000.0,Registration,Paid
M00564,2026-08-20,3500.0,Renewal,Paid
M00564,2026-04-30,3500.0,Membership Fee,Paid
M00564,2026-06-28,3500.0,Registration,Paid
M00565,2026-01-14,3500.0,Renewal,Paid
M00565,2026-08-07,9000.0,Registration,Paid
M00565,2026-08-24,3500.0,Renewal,Paid
M00566,2026-07-08,30000.0,Renewal,Paid
M00566,2026-08-24,3500.0,Renewal,Paid
M00567,2026-03-14,9000.0,Registration,Paid
M00567,2026-08-04,30000.0,Membership Fee,Paid
M00568,2026-02-02,3500.0,Membership Fee,Paid
M00569,2026-08-05,9000.0,Renewal,Paid
M00569,2026-08-20,30000.0,Registration,Paid
M00569,2026-05-01,3500.0,Renewal,Paid
M00570,2026-05-01,30000.0,Registration,Paid
M00570,2026-05-14,30000.0,Renewal,Paid
M00570,2026-08-14,9000.0,Membership Fee,Paid
M00571,2026-06-11,30000.0,Renewal,Paid
M00571,2026-07-16,30000.0,Membership Fee,Paid
M00572,2026-05-16,3500.0,Registration,Paid
M00573,2026-08-14,3500.0,Registration,Paid
M00573,2026-07-19,9000.0,Membership Fee,Paid
M00573,2026-01-18,3500.0,Registration,Paid
M00574,2026-06-20,3500.0,Renewal,Paid
M00574,2026-02-19,3500.0,Renewal,Paid
M00575,2026-01-16,9000.0,Membership Fee,Paid
M00576,2026-07-02,9000.0,Membership Fee,Paid
M00576,2026-07-20,9000.0,Membership Fee,Paid
M00577,2026-06-29,3500.0,Renewal,Paid
M00577,2026-03-31,3500.0,Membership Fee,Paid
M00577,2026-01-17,9000.0,Membership Fee,Paid
M00578,2026-07-12,30000.0,Renewal,Paid
M00578,2026-03-16,30000.0,Membership Fee,Paid
M00578,2026-05-16,3500.0,Registration,Paid
M00579,2026-08-23,9000.0,Registration,Paid
M00579,2026-08-11,3500.0,Registration,Paid
M00580,2026-06-07,3500.0,Renewal,Paid
M00580,2026-04-06,9000.0,Registration,Paid
M00581,2026-07-13,9000.0,Membership Fee,Paid
M00581,2026-03-14,9000.0,Renewal,Paid
M00581,2026-07-31,3500.0,Renewal,Paid
M00582,2026-07-07,9000.0,Registration,Paid
M00582,2026-03-23,30000.0,Membership Fee,Paid
M00583,2026-08-15,3500.0,Registration,Paid
M00583,2026-08-29,9000.0,Registration,Paid
M00583,2026-04-28,9000.0,Registration,Paid
M00584,2026-05-04,30000.0,Renewal,Paid
M00585,2026-02-18,9000.0,Renewal,Paid
M00586,2026-02-06,30000.0,Membership Fee,Paid
M00586,2026-03-22,9000.0,Membership Fee,Paid
M00587,2026-07-05,30000.0,Registration,Paid
M00587,2026-06-21,9000.0,Membership Fee,Paid
M00588,2026-06-09,9000.0,Renewal,Paid
M00588,2026-02-01,30000.0,Membership Fee,Paid
M00588,2026-06-05,30000.0,Membership Fee,Paid
M00589,2026-07-10,30000.0,Renewal,Paid
M00589,2026-02-16,30000.0,Registration,Paid
M00590,2026-03-25,30000.0,Renewal,Paid
M00590,2026-06-17,9000.0,Membership Fee,Paid
M00590,2026-05-18,3500.0,Registration,Paid
M00591,2026-07-24,3500.0,Membership Fee,Paid
M00592,2026-02-16,3500.0,Membership Fee,Paid
M00593,2026-03-09,9000.0,Membership Fee,Paid
M00594,2026-07-21,3500.0,Membership Fee,Paid
M00594,2026-02-05,3500.0,Registration,Paid
M00595,2026-05-09,30000.0,Registration,Paid
M00595,2026-03-07,30000.0,Membership Fee,Paid
M00596,2026-02-14,3500.0,Registration,Paid
M00597,2026-05-02,30000.0,Renewal,Paid
M00598,2026-05-18,3500.0,Membership Fee,Paid
M00598,2026-08-10,9000.0,Membership Fee,Paid
M00598,2026-02-03,30000.0,Registration,Paid
M00599,2026-07-26,30000.0,Registration,Paid
M00599,2026-04-10,3500.0,Renewal,Paid
M00599,2026-07-20,3500.0,Renewal,Paid
M00600,2026-05-16,3500.0,Membership Fee,Paid
M00600,2026-04-30,9000.0,Membership Fee,Paid
M00600,2026-08-19,30000.0,Renewal,Paid
M00001,2026-06-17,30000.0,Membership Fee,Paid
M00001,2026-04-28,30000.0,Registration,Paid
M00001,2026-03-07,3500.0,Membership Fee,Paid
M00002,2026-07-27,9000.0,Renewal,Paid
M00002,2026-04-29,9000.0,Membership Fee,Paid
M00003,2026-06-08,30000.0,Renewal,Paid
M00003,2026-04-18,3500.0,Renewal,Paid
M00003,2026-07-14,3500.0,Renewal,Paid
M00004,2026-04-13,30000.0,Renewal,Paid
M00004,2026-03-28,3500.0,Renewal,Paid
M00004,2026-02-19,9000.0,Membership Fee,Paid
M00005,2026-02-21,9000.0,Membership Fee,Paid
M00005,2026-04-10,9000.0,Membership Fee,Paid
M00005,2026-03-25,3500.0,Registration,Paid
M00006,2026-01-06,3500.0,Membership Fee,Paid
M00006,2026-06-24,30000.0,Membership Fee,Paid
M00006,2026-07-10,30000.0,Renewal,Paid
M00007,2026-04-20,9000.0,Membership Fee,Paid
M00008,2026-05-20,3500.0,Renewal,Paid
M00008,2026-08-16,9000.0,Renewal,Paid
